,index,track_id,track_name,artist,artist_id,playlist
0,0,1rFqgfiIRyjAw3mB7SVEBn,One and Only,Wingy,5iC5X2J3wbFDGRiZTDZG9X,10th grade
1,1,0bCgcTDkZ1RhguEeuUhZ9k,Aesthetic Girl,Yusei,0K3Jtj8PRdPfgYLua8X1dv,10th grade
2,2,1qWpYCt9rJmr0oPs1tqFzP,I C U,Isaac Zale,6RPLfI95V4juSTtpBumiWk,10th grade
3,3,6sBsBq53UJeJgnIOCAf4B5,Indie Pop Type Beat,Billy Marchiafava,27foDL8SBDLivhZNlDsAza,10th grade
4,4,6U2sXLGhxJVmKskGUvJzI3,fantasize,ericdoa,4hR6Bm9YYtktXzjmKhb1Cn,10th grade
5,5,7pcANiSH8mEKLUIPAxiSDr,CAN YOU HEAR THE MOON,Grady,6FmiNnTXQJTmOMAx4kB38R,10th grade
6,6,65ha6jDdEeQ05hbiDeSUjT,Nikes,Nimstarr,25hjCXq9ACmSkWbnvKMThf,10th grade
7,7,2toGK940iJ3Y4nsK0DJv3X,I Don't Cry,Payday,6I7IZDntAGBmzkCANUmtV0,10th grade
8,8,5ybZNG4saSghgCiTP2GUKe,omomo punk,Warren Hue,4qcKNkdxUidhvUByB2eQ6g,10th grade
9,9,3gXS1kwhHCpIm6KjpoXWSr,Daydreaming,Marc Wavy,2TXiTMAJtmAIe8tpHrZBtZ,10th grade
10,10,48QKmWiimc2IB0zlw8REpS,Mantra,Kaz Moon,70TpT5Yq8mRwav91mSTKQV,10th grade
11,11,3Kx8jHwgt5plNRapiGQ2NS,SCRAMBLED,Havelock,3AIAml2wCQUDhWt0BffVbA,10th grade
12,12,2FdyTC8npTpW0lQD57kOPp,High Strung,Atwood,1dtZllLT0EINXgSftEnOjv,10th grade
13,13,40VHct57E3OEcMFOkI21Jb,If You Supply the Paint,Donny Electric,3yy78Zn0wPb6SFDdtOJ1r9,10th grade
14,14,6wqOwnYSj84iJ3I9aBxngF,Sucks,RealLiveAnimals,2ctGMLYVzbPMC44eK8ECuO,10th grade
15,15,6SAQ8ILXyEBqqvSVzvkguS,idwtgtbt,the booyah! kids,0ypSujQpBRgRAeOS7YzhnP,10th grade
16,16,3Ev7BBcXJ1ZhTMkmdkj5q7,Lovedrug (Off That),Rav,6oeSQ4qmDQ7n89Rdt6tLLn,10th grade
17,17,0oo2XbNe3V579tgoItf8tz,Furious,Kaz Moon,70TpT5Yq8mRwav91mSTKQV,10th grade
18,18,4Eh6rImyifiBZ0jnN57lkR,Be,potsu,5XE0fiZWGbq9TcSuWwJ1fA,10th grade
19,19,7LwDNH1zvxc43Zr7m3iTDa,500 Miles,Mr. Master,46DGYdx5kFbDCVmmRd5C8k,10th grade
20,20,0t0xMsccItxTabSnrOwWY9,drunk texting my ex,Savage Ga$p,0x7qiZJaal6j8qS7yCydFk,10th grade
21,21,1tX0Z3tA7vsal85V1sw3QM,serene//rewind,demxntia,6trEYfLSuAd9CS8bCy4sOH,10th grade
22,22,2ELr2Wq80xgVK8VA01Bmfu,Benjamin Franklin,Gareth.T,6R57JlNKlnNrYaji0vw8xx,10th grade
23,23,5geBLKrGS8cApnGN5Ncs7L,NEXT 2 U,ego apartment,20SNDAIdUW3fjTA14UvSj4,10th grade
24,24,22iZ9lazlmjPO9sp0uzUex,Every Time Around,Vansire,6ft7JnxMyZhp7N52qzHymY,10th grade
25,25,4nr88Lwd89TGdccRQEWfsS,Show Me That You Care,Hojean,0ENnerFBtqPaVUcHadXU2w,10th grade
26,26,1iwvdw2gjt6qQPPAtX0lVW,BYE,Jaden,0xOeVMOz2fVg5BJY3N6akT,10th grade
27,27,1qACBFWqUoAGusQUOoKHsq,Twilight!!,Nimstarr,25hjCXq9ACmSkWbnvKMThf,10th grade
28,28,0KOwuwc2XlPU1GFwnG1Gq0,Just the Right Song,Vansire,6ft7JnxMyZhp7N52qzHymY,10th grade
29,29,61GiMDN1kUiEQK6zHGMdnx,Metamodernity,Vansire,6ft7JnxMyZhp7N52qzHymY,10th grade
30,30,6XUTAOvSDo9ckpmvuAGZuW,Lemonade,Nimstarr,25hjCXq9ACmSkWbnvKMThf,10th grade
31,31,7c4CjosJkEQKk83B1v0gfs,handle me,glaive,4cJKDGSv4Dz9QycXYmo565,10th grade
32,32,5hmM3fmBSCJCs7tFbEB1Tt,After You,Ezra Amara,0fY44w03k0zmVfLDZ76ieA,10th grade
33,33,07FZOq9SUuITVCNE0oTm1k,Close The Door,Weston Estate,18CPEToK1OfjJ5B5vDBDKa,10th grade
34,34,755inykyaG4w22GWAsA3MX,Marlboro Nights,Lonely God,6pF6MN603wSrisJcf7HS5v,10th grade
35,35,3Y0pAP0HNRqyABgeGdOrNy,She Don't Sleep,J $ENSEI,1kZJMSPM5Ip1W5nIJIBL8p,10th grade
36,36,01yiSZ6GzLj5YxGv02IrNd,ifhy,ericdoa,4hR6Bm9YYtktXzjmKhb1Cn,10th grade
37,37,7l7Nztaq6higBQpHHYPNTI,Soko Kara Miteta,Michiko Mada,68oa0LPmr0FyjXzzW1CLTD,10th grade
38,38,1yQ7hdL5nY0Li0GBjioQg1,Bubbaloo,Biffe,4UqY7xfcHtpNSyLZTYKoPp,10th grade
39,39,0afkEmqKAiVYI6aMsNhkR6,candy choppa,Warren Hue,4qcKNkdxUidhvUByB2eQ6g,10th grade
40,40,5Y1KrA5SLUFxXwxZncgxLR,Every Little Thing,CyberGirlfriend,3idYmqr1YcyNRWpvO6xS8z,10th grade
41,41,7eXIiAZsgt1x68ehZFeg7n,Ride,MILKK,4zhJqpHEEaLhYIY0hAFd9h,10th grade
42,42,6nef0wHkelfKqNVHAtzJbR,Stoked,Weston Estate,18CPEToK1OfjJ5B5vDBDKa,10th grade
43,43,4Zh9zZmEBoDLTKQRjXwict,Dancing with my phone,HYBS,4mr4X9nJC8DPlNukWbgAaI,10th grade
44,44,4TvSQV4JFTi7k6YWzIHQgp,Silk,Belaganas,4dxp2iZCasMOmCDFztR22q,10th grade
45,45,6WYLilB7FiiVewawToS46d,MINT,SNEAKER KIDS,3EZRjBG9IVl0P88TaAei18,10th grade
46,46,25lfqgSddWnl3R1mBZCAS5,Carsick,Maro,0ru1ZJNkRRddceqkIah5Yh,10th grade
47,47,3wVlLzWqLKFSE1MTyxK2ju,Why You Look Sad?,Diverseddie,3aia8Qn8pZXJldrYzQqOOq,10th grade
48,48,0ZPnoWsopDUOeneBMMR0cJ,idk,Highvyn,1HlyA7Fg1HymDUmG0xaB13,10th grade
49,49,1LCfaC87CnmUklq7lvUehm,Eternal Sunshine,Riovaz,1bhZt10yZVCJfp3HaNxJv8,10th grade
50,50,6vEIhmMgzQMDdUwPNWqzSG,clam chowder,Shy High,7LtrLa6TmVPbzfkYVhqxmo,11th grade
51,51,2uMv1AvQhvXk4F3DAeABGg,you're a parasite,Riovaz,1bhZt10yZVCJfp3HaNxJv8,11th grade
52,52,73FhR1MQKJJw66LLoPsQsT,die in the morning :(,Overpade,03hSZAtyBlgYcfb02Nhh6q,11th grade
53,53,3A4yu3wHxrnAzyD9aUyjhp,Bag,Abhi The Nomad,1gUi2utSbJLNPddYENJAp4,11th grade
54,54,4AI7lup2mAk8pO97G8h6LU,Swing My Way,Phe R.E.D.S,6hsBCZQ02Rt2PIbXlGtEbA,11th grade
55,55,4XhSbQdyDPtwo6uCSkpWz1,Tell Me Where To Go,Bungalow Collect,4JR4QR71dWswPhgIEeu8xJ,11th grade
56,56,1R6HnaqowOC7hAVfdd7dm1,CHOCOLATE100x,jackwoods,5Jq1Pr7kLEm3h5RlkSiQ5z,11th grade
57,57,76tztTt7xAC6E0RZggd9xg,7PM,Lilacs.,2MgMN5BR3mfAMR5y7S2UIr,11th grade
58,58,4MBJGmQEAAs3jDuSsYjNQO,SIXPACK,Wes Patrick,7usRCDCEwBR7ZMg48VTCnE,11th grade
59,59,7L8y3K3XzcWaBTekYFKiRF,Brown Sugar,Pote Baby,1K2CImmhCW2QVfppHo4Nfj,11th grade
60,60,7yGDuUE3Ji8F34sMi3dUz1,Feel the Same,MILKK,4zhJqpHEEaLhYIY0hAFd9h,11th grade
61,61,5vcLMRWLRXZS7r5UNaNZ0r,funny lil thing,The Golf Club,7glngbl6iMW8Iszr0pHpKT,11th grade
62,62,5UyG628jm48eYIwfCGLwXj,Beta,Your Neighbors,6mpyU2azr3zfZDY9k8w5GP,11th grade
63,63,6PMwJ9oHS759DGD9Du16ry,Lightswitch,Colin's Music,5YjVu4NZ1Gigua36jS01KW,11th grade
64,64,0DfkLX1C6te9mUNCJvFpJ2,On/Off,Carter Vail,4Bu9DnBZ12oX7MiiaJy9hK,11th grade
65,65,1Nru7nCQ9VyqaEAez3nKmN,WasteUrTime,Kevin Walkman,0Q1Xt8JEFDwfiuNBIM60E4,11th grade
66,66,7Lm2rJOTzoqNLAkWeZrLuf,Sippin on the Daylight,The Hails,3g65HWtAf8uyVmpR4sRbrT,11th grade
67,67,3jwLIgPTXl2g19Co65fTMN,Heart Emoji,Ludic,6wSoQBJtmwMzGBYjF2tOPs,11th grade
68,68,37r8GI6IBlA6nwYdKpg6nO,pay attention!,underscores,7HfUJxeVTgrvhk0eWHFzV7,11th grade
69,69,6Pn1Vq9ubtguEO1QaO8DXk,untitled (feat. lin),The L.B.,5GY7ls4IK8kxpIPhsdOrDX,11th grade
70,70,7xLfmCx9jcZNgzlIK7NupN,Stress Relief,late night drive home,1muzcpVFKmKSrT7rVNAwBB,11th grade
71,71,1VCUCGNfwXGkeqdqPR12Rx,Blinks In The 70's!,Koi the Alchemist,4QaIOY2A21dfP0E6UN5Y7A,11th grade
72,72,7tyZyOFj0jfMvOuxbfZ7Ej,All Night,Fashion Jackson,4Dc9LcdKgjDXV5p3YVulzg,11th grade
73,73,20j7l6tFtc5lynXpbOQg1O,Superstar Sh*t,Dominic Fike,6USv9qhCn6zfxlBQIYJ9qs,11th grade
74,74,1gH1h30wkQdd9zhY3j7a8T,THE SHADE,Rex Orange County,7pbDxGE6nQSZVfiFdq9lOL,11th grade
75,75,7t9FPbLFwrI8ymM7aeM7qD,Sweet Talker,Sarah Hemi,4BQlN5DBVwm72Q6foAEzly,11th grade
76,76,6KeIkgoC8SUeJ4VPw5Lkx8,Summer Tights,DPR LIVE,0siBQaURCli5wn2lqv8WZg,11th grade
77,77,2OPxM2L3KtuehqY24vTMGs,Heart Mind,Kodak Black,46SHBwWsqBkxI7EeeBEQG7,11th grade
78,78,1mpWUtYD598LhZsbIp3chf,Evergreen,F.N.,1LSChoeTlUxsOvUef5Lq8g,11th grade
79,79,7c2Bv4JjFLY3RMVwq0zUr7,I Don't Mind,Co-Stanza,2pf766m4HMKva5BWBpQBnN,11th grade
80,80,1TNOd9jkDEpGNTKHKrDb5i,Red Line,Ben Chandler,5spCYJNfwMEdTpMrir8dJF,11th grade
81,81,7n1SLI92zzCUvAdBx6flyU,philadelphia,jungle bobby,2OOLZKc1j4FoOCHOgGbtRl,11th grade
82,82,6VI4OmjLh5NBzfdW4INBi1,bleachers,templuv,7c4qQ1lik128TAf5e1ELbS,11th grade
83,83,2WT4LnVyl08zGUgoOPo7pW,Staycation,Micah Yoo,3naAborBdDSomo3luc2g55,11th grade
84,84,6rReQcuVfH8P2r1ALCqe6q,Pearl,YURA,0INwsKBI2kE1LiPHx9ZIg6,11th grade
85,85,7tMrUK3uAXkTjcePX02WdC,Honey,Tyler Sellers,21mUWI4JZkr5rAgiZWtRPr,11th grade
86,86,0qelwSLhUcRwHt0sR2W63R,speaking2myself,Numl6ck,2anlj4dNUn9I1VxxmjRHRx,11th grade
87,87,3veKU8AyUteh46qOKUlbJC,cozy,Tony22,72WtJOdm9BlSXYm1Xd0Drm,11th grade
88,88,6ODaETjJnGNm1IiXb3bK9d,OOP!,NYK,009SHiJ9rvFm3vNwL4SjZx,11th grade
89,89,3GQ4GdXU8wBbPqBcKDTJ65,i like red,Charlene Su,5Ltw2zQx9zqzyXfsQkkFBD,11th grade
90,90,0tKaGg0tYPTvtF4ZKgIfRv,Don't Wanna Fight,Jacob Ray,6PCQoWsQikOQzeVyNRAMHm,11th grade
91,91,4dRb7kdtBVBFzSiCqsY7wP,Forget About You,Devin Kennedy,6xRlQCMpg8bmkHlluqDF7Z,11th grade
92,92,3m6oNW2pkJeOQbImuOe845,Irises,Jolianne,0GuaoBVOFuVXuhbrmSD1je,11th grade
93,93,0GtwMH7DIAU5lyHlnt4LQa,Superficial Love,Calica,1gi49JL4LNUMlylXm5Z0ZG,11th grade
94,94,0vpy9NZpTbjCH0HNnAhCTt,Drown,Weston Estate,18CPEToK1OfjJ5B5vDBDKa,11th grade
95,95,7luOSOrHYssQ1usmsFbc66,Who Do I Call?,Nathanie,2n9S44nEklHQjqX0pedw8P,11th grade
96,96,2MZin6c2lJfggOAkBBRuHo,BIG SCREEN,Wes Patrick,7usRCDCEwBR7ZMg48VTCnE,11th grade
97,97,3sVZBZLf3JfnTCHeuX0KeK,REACH!,ego apartment,20SNDAIdUW3fjTA14UvSj4,11th grade
98,98,2KL9vxUK5M8ixaFqkxe06z,ramune,Kyuuwaii,7KIkSsVMnPFnL3XYKK8uBM,11th grade
99,99,2gCh5vjwMIRldOwvXby3Qy,Other Half,Rangga Jones,330A2O2MYF4bWFjwM5PJ4z,11th grade
100,100,3OYSWIgKXiwjutuQ4NEk1b,wtf,boy pablo,7wbkl3zgDZEoZer357mVIw,11th grade
101,101,6JQfQXQ2xdZD6x516xNRJI,cheeze,Sarah Kang,0MBNzfGHTiPYag4DupDXUj,11th grade
102,102,0cm1DMolJgoxTNmH89vVxr,bedroom,Kylof Söze,02DBFa1jp5WLRo71ttC5Q8,11th grade
103,103,3X1cpgXtbUTt22X2IKCSjG,Lost Time,Sweeney,1wTMHGpzUEojchQsys1FyJ,11th grade
104,104,3NanY0K4okhIQzL33U5Ad8,Boy's a Liar,PinkPantheress,78rUTD7y6Cy67W1RVzYs7t,11th grade
105,105,7mjOxXnZYbGtgjyX0hqaLs,Losing You,boy pablo,7wbkl3zgDZEoZer357mVIw,11th grade
106,106,28e7DJum4nbKPKKoK48d5I,OH... LOVE?,KXLLSWXTCH,2VDZoCBGjxbHJbnzSX5nP6,11th grade
107,107,6qvb0o3zXsqvzn2OO6BowX,Sweat,Perfect Dodge,4HUNR7qM5F07wuHDBBUqIy,11th grade
108,108,1vdk3kBfhdZnaJXvRsM4E2,do you really care?,Riovaz,1bhZt10yZVCJfp3HaNxJv8,11th grade
109,109,21P8wBrroLBY8tbjHVIa4a,continue?,Eluzai,2N0c1H0QXGAfZQHASg7ir4,11th grade
110,110,07dRjnkeSazozZ16S07Nee,Shut up My Moms Calling,Hotel Ugly,35WVTyRnKAoaGExqgktVyb,11th grade
111,111,5mqmHuXRoA5IQKVvyYLaOH,it's alright,demxntia,6trEYfLSuAd9CS8bCy4sOH,11th grade
112,112,27XMmSWSOXJ7eVb40tH93T,MEMORIES!,347aidan,0bBz5bRBkExaej2HxtVfCw,11th grade
113,113,5TiGe89LNDwridBLbLBGgR,PRETTY GIRL,Highvyn,1HlyA7Fg1HymDUmG0xaB13,11th grade
114,114,1BEjjJxoLjRBbcCfDQETWb,kissmethruthephone,Jun Yoon,5sDe0X0gLSn43jYACSZBzN,11th grade
115,115,2xk4DYplgPa34qfNr1AmYQ,difícil,adan diaz,6ktN7KRUuaLMHyKOog3tGP,11th grade
116,116,5KfUqRRbm6ACSzLxUS57R2,Sugar,Unusual Demont,5KpmWCJ5NqsY9meqhjwbxR,11th grade
117,117,0P5f2GsyAAhE1mXTdfj7Zn,Tenfold,Elujay,1CgbNAF3Stnz1Tpipu3xdO,11th grade
118,118,3kjB9p5GpyOfSnsQeBzpZb,1080p,Elujay,1CgbNAF3Stnz1Tpipu3xdO,11th grade
119,119,7b4ajXYisnMOOnl5J8U2lo,Raincoat (feat. Chloe Ho),Kieron Lee,3H3NQV4laaVD30bbpukZcW,11th grade
120,120,76RVMGUn5zpjDcLETRDgeJ,CALONE,Tiffany Day,5D5Qbe1lf3aMnLsPSzXItu,11th grade
121,121,2glRw5t5CRnU9C2cVgfyTy,Clarity,Kennie,0rM3bNh4VmBAHqAWodQ3AJ,11th grade
122,122,2U14kkv4TYL6OxqZzAGZ2B,Think About,Kylesimps,47f3ZMxJ4kepycwKoGknag,11th grade
123,123,0wKCqsj4BtBeCWdghRCXIf,White Wine Red Lies,Hairu Tokyo,7v0WS0GW5AjIFNA36PeGmX,11th grade
124,124,7EkWXAI1wn8Ii883ecd9xr,Freaks,Surf Curse,1gl0S9pS0Zw0qfa14rDD3D,11th grade
125,125,7GnvKk7jml8aIJbRbQKKvo,U Neva,Riovaz,1bhZt10yZVCJfp3HaNxJv8,11th grade
126,126,0vLgHyYHHmRTeiGgj63SL3,tastes like cigarettes,Masked Man,4au9pcYGXtv2fPYbMa6wg5,11th grade
127,127,1A5fVq28pSFSkpcrpN15Un,shy little frog,C4MPR,41ef9qZO4vCmwmFV7M1Lge,11th grade
128,128,5LiO40bi3foQNkIDg4PlGV,Précis Two,Vansire,6ft7JnxMyZhp7N52qzHymY,11th grade
129,129,4okhEaWbejkcrNRplEQvQ1,stranger,Highvyn,1HlyA7Fg1HymDUmG0xaB13,11th grade
130,130,60flkCyj97mCaQ1aTi7Y3y,You're Not Lonely,Pluto Koi,4HUOgASUBk02azKAKwJEYb,11th grade
131,131,6rsLTCIN41s3d4rT72uduA,,,0LyfQWJT6nXafLPZqxe9Of,11th grade
132,132,0WeUDDU8ccYDguR3jI8Bza,Closer,Old Chingu,5XOw0QPzxC5yefTmdADPCg,11th grade
133,133,0SgbP5ZZOsUiHlE8EfeHma,It's A Wrap,Mariah Carey,4iHNK0tOyZPYnBU7nGAgpQ,11th grade
134,134,7KhJdiu4zbPlhlImRLIyDl,Prom Night,Riovaz,1bhZt10yZVCJfp3HaNxJv8,11th grade
135,135,32GHYtVVAsYNQGafHrrRxv,Take Me To The Sun,d4vd,5y8tKLUfMvliMe8IKamR32,11th grade
136,136,4cnOPnVsjkTon4RiNmWFID,Counting Stars (feat. Beenzino),BE'O,5NUVwRESNqYBUTRbiATjy7,11th grade
137,137,5BhXbtsgUzrWAqw0t4sPNl,circles,nel,4TVq4IaLqHucmmBBXhSEXf,11th grade
138,138,27mR5mTefTYVUTL4jLJDAO,angel,Highvyn,1HlyA7Fg1HymDUmG0xaB13,11th grade
139,139,26lAxfqUOLTl14Unw3WnQi,Locked In,Elujay,1CgbNAF3Stnz1Tpipu3xdO,11th grade
140,140,07NE8Em6ofFaB2nWyAoVPi,Mystery Girl,Housecall,7LvIRMqxj6R39lRFfugeUS,11th grade
141,141,2GcypFJcULDmhmbqFdm9qi,do me right,brb.,2XBiI8PjCnjJ3XKWtiKcvc,11th grade
142,142,4jPr49jXRJHftXlwTEA2w4,Close to Me,Laica,2DqImimq9vdEbnQBxGgihQ,11th grade
143,143,5NF5TV9zGZ9QLKLf7Oq05T,Used to Me,Luke Chiang,1dPSMH55yhvjYIwqCP4iDj,11th grade
144,144,0b80PJyQpOS2iXLFabyHHm,s l o w,dontaskalex,6wocc4drDZO6FJ7bfwNVwV,11th grade
145,145,5dGvEzPIFn5BVuGBmqBiqy,METROPOLIS,Stirfryboyz,7kNe1jhO48NAEm4WhuOSqr,11th grade
146,146,3QM8PmpJ8JgQH5nuJJvpHZ,falling on me,okayceci,1NCMfKfYXbyLqsChnYNd3P,11th grade
147,147,5ppUThWn9v9lZyqLRrfb4D,see u dance,Hong Kong Boyfriend,7lDgh1Efb7gDBPxtYWd7ui,11th grade
148,148,1Tsx0p2tR01ygNRbHx8NZA,easy,bixby,3vqtY7Lhhuw6sEwU4HmIRv,11th grade
149,149,0fDCPVKI1qbTakRBhIOOMW,Nothing Has Changed,The Polar Boys,57Wc6hKk68L1KrjdA3Z8cd,11th grade
150,150,1UCeirBzcsC0Mk8Fnvl7Ix,Sense,Last Dinosaurs,677sHrkjhB7IP4YwjzZyc4,2023 summer
151,151,6IZvVAP7VPPnsGX6bvgkqg,PRIDE.,Kendrick Lamar,2YZyLoL8N0Wb9xBt1NhZWg,2023 summer
152,152,0PiC0y8AxORbmVTxufAPdb,CaNdY LiEs,Jenevieve,0dUYLC7DLjeS8gIh8cz2Pq,2023 summer
153,153,0fv2KH6hac06J86hBUTcSf,NEW MAGIC WAND,"Tyler, The Creator",4V8LLVI7PbaPR0K2TGSxFF,2023 summer
154,155,7IBzp33O4Hjr92wXtH3yQJ,Honey,Vacations,0U7iI0Dk4Ojvi17nZboNO4,2023 summer
155,156,5cKwiB2qmPfiftceo8hy0M,heart to heart - sped up + reverb,pearl,0oUvRAt9hv96E6akDwgWCI,2023 summer
156,157,6CFPFnS9EcLs2I0nWqtWci,Because Of You,Ne-Yo,21E3waRsmPlU7jZsS13rcj,2023 summer
157,158,0a4MMyCrzT0En247IhqZbD,Hype Boy,NewJeans,6HvZYsbFfjnjFrWF950C9d,2023 summer
158,159,65FftemJ1DbbZ45DUfHJXE,OMG,NewJeans,6HvZYsbFfjnjFrWF950C9d,2023 summer
159,160,2DuCgKbzA35AnBxG1ghu7X,Met Her on the Internet,Kempachii,5UE3fPtMEts6UkMutPv2jx,2023 summer
160,161,5hVghJ4KaYES3BFUATCYn0,EARFQUAKE,"Tyler, The Creator",4V8LLVI7PbaPR0K2TGSxFF,2023 summer
161,162,5TxRUOsGeWeRl3xOML59Ai,ARE WE STILL FRIENDS?,"Tyler, The Creator",4V8LLVI7PbaPR0K2TGSxFF,2023 summer
162,163,1hz7SRTGUNAtIQ46qiNv2p,"GONE, GONE / THANK YOU","Tyler, The Creator",4V8LLVI7PbaPR0K2TGSxFF,2023 summer
163,164,4QhnNyKDsAkXPwHkSnuc89,"Eve, Psyche & The Bluebeard’s wife",LE SSERAFIM,4SpbR6yFEvexJuaBpgAU5p,2023 summer
164,165,7KA4W4McWYRpgf0fWsJZWB,See You Again (feat. Kali Uchis),"Tyler, The Creator",4V8LLVI7PbaPR0K2TGSxFF,2023 summer
165,166,6TBJkXHPhu3EsMk1bshwuI,ONLY,LEEHI,7cVZApDoQZpS447nHTsNqu,2023 summer
166,167,3fD917JLsP5cHG3iteARVV,ghosts - Sped Up,Highvyn,1HlyA7Fg1HymDUmG0xaB13,2023 summer
167,168,1odExI7RdWc4BT515LTAwj,Daylight,David Kushner,33NVpKoXjItPwUJTMZIOiY,2023 summer
168,169,39382sUtIOwIXftX0i76do,H.S.K.T. (feat. Wonstein),LEEHI,7cVZApDoQZpS447nHTsNqu,2023 summer
169,170,5dntGTbUtmUO239wQ0k3yM,Mmmh,KAI,6iVo62B0bdTknRcrktCmak,2023 summer
170,171,1oAGRIR83SsyjQQ2DOt283,In My Head Till I'm Dead,Surf Curse,1gl0S9pS0Zw0qfa14rDD3D,2023 summer
171,172,65em3rT5Fdl1PV1Q1Fxu9R,lime,diet lemon,4w4tyhOTLrFjXwPzuUmT3U,2023 summer
172,173,1tuSpba0RXUMubHpAOWlMN,You and I,d4vd,5y8tKLUfMvliMe8IKamR32,2023 summer
173,174,6TA5aymvVrtiPVbuAwmPIc,Scary Love,The Neighbourhood,77SW9BnxLY8rJ0RciFqkHh,2023 summer
174,175,0ASIqnVJvN1GmH1xEBdf2a,Fly Out West - Single Version,Yot Club,6FugQjLquBF4JzATRN70bR,2023 summer
175,176,1wUnuiXMMvhudmzvcCtlZP,Get Up,NewJeans,6HvZYsbFfjnjFrWF950C9d,2023 summer
176,177,6cvbvXaRbQcuv54SjYXP86,Dope Lovers,DPR IAN,2o8gT0fQmFxGNbowbdgeZe,2023 summer
177,178,4LkXtklCusSbi6UxYWgH8B,Scaredy Cat,DPR IAN,2o8gT0fQmFxGNbowbdgeZe,2023 summer
178,179,2IgbYlOlFpiSFYnsqB39lM,Jasmine,DPR LIVE,0siBQaURCli5wn2lqv8WZg,2023 summer
179,180,6GehOJs060WzAi78QArj7p,Broken Love,Gemini,67IWlRdLy3UcfY3q968euj,2023 summer
180,181,2HhzV3FY4eZGueF0KpXZUo,EMPTY DREAMS,CYPARISS,1GzMtNyLiP1oM7yW0DyRhP,2023 summer
181,182,5FX30idriKlEIRYTxpNf65,AVOID ME,KUTE,0S1mAPM0pgJZil5FCqhQTX,2023 summer
182,183,7oEFDtEebqQH4yMfSA1MOM,TOKYO HEAT (Tokyo Drift),C.H.A.Y.,5tMMTJbvSM8jApcukwqO9V,2023 summer
183,184,7wtU7N6R49UAbzQcLjRy5q,if god didnt want us to snort worms he wouldn't have made them cylindrical!,MIMIDEATH,55VDe291360aWSrwt1U96m,2023 summer
184,185,2i2gDpKKWjvnRTOZRhaPh2,Moonlight,Kali Uchis,1U1el3k54VvEUzo3ybLPlM,2023 summer
185,186,4lpvCG7eNzHAXwvMxWUNjz,No Blueberries,DPR IAN,2o8gT0fQmFxGNbowbdgeZe,2023 summer
186,187,6syar8JKCt3R9ZBl11zmgI,So Beautiful,DPR IAN,2o8gT0fQmFxGNbowbdgeZe,2023 summer
187,188,7H7NyZ3G075GqPx2evsfeb,Chamber Of Reflection,Mac DeMarco,3Sz7ZnJQBIHsXLUSo0OQtM,12th grade
188,189,7BcOUi4FQ3wBLmNTW0yfCR,The Spins,Mac Miller,4LLpKhyESsyAXpc4laK94U,12th grade
189,190,7BgyWwbbybJr2IbQoI1gzH,Stevie Doesn't Wonder,Hotel Ugly,35WVTyRnKAoaGExqgktVyb,12th grade
190,191,3zyzC28g7uU4YfWN840ciZ,loving u is harder,SEB,7oPxPZSk7y5q0fhzpmX5Gi,12th grade
191,192,3eDjyFYNaHlHb30i8ai9qx,When She's Gone,Josh Fudge,6FvkNLhuBDTYfqbl6PV0xp,12th grade
192,193,30jui3PqevssdIVpjEWM38,Is there free breakfast here?,Hotel Ugly,35WVTyRnKAoaGExqgktVyb,12th grade
193,194,1B2zrooBJ6Rc8NIUuS3VDh,Italo Disco,Last Dinosaurs,677sHrkjhB7IP4YwjzZyc4,12th grade
194,195,1KIJclzEbNhSVw8tiHPWwE,Young,Vacations,0U7iI0Dk4Ojvi17nZboNO4,12th grade
195,196,6niTZUv7lTqxg5WT0EMKX3,I Wanna Be On Your Mind,MiLES.,4Mt0UzpAedYJYAvDMNjx2I,12th grade
196,197,2Lmpxi7j95HOvsR6zj1Fl3,an Interlude Called “Circus” (feat. Eryn Allen Kane),Saba,7Hjbimq43OgxaBRpFXic4x,12th grade
197,198,1Is8hGpkGMiePASAxBluxM,16,Baby Keem,5SXuuuRpukkTvsLuUknva1,12th grade
198,199,61YzdCCBPM5Pc7lIiD5i8C,Bang Bang,K'NAAN,7pGyQZx9thVa8GxMBeXscB,12th grade
199,200,6RqPB4Au9g5UiU3nIHToY6,Ring Pop,Matt Watson,2RcKnvHSzBY1sML849T7mR,12th grade
200,201,5ot7DzhONKurikdVYGQgok,LACY,LEE.,5hKBEuzwAfFqH7ZZ167NeG,12th grade
201,202,4JzuUq7VjNF32PJb51l8n5,legroom,adan diaz,6ktN7KRUuaLMHyKOog3tGP,12th grade
202,203,3lF2lMJCNu6shqZL0SuHae,Sweater,Kevian Kraemer,4YuuDwJsOgciB2sYUvmo4a,12th grade
203,204,5uEFkAGOj7Pkrhu5Hy7ZlA,Thought Of You,Saturday's Call,1Eq0jru9yyH0gJCWWJFKGL,12th grade
204,205,4yUrkvM634vJTljUN9gDxV,Safety Zone,LEEHI,7cVZApDoQZpS447nHTsNqu,12th grade
205,206,3JxRNkoNmAcPgnA5HSnKiz,Make the Move (feat. pH-1),SOOVI,0YM7bNxtt0VzccYf1UG2G8,12th grade
206,207,2IaLuwTeSJc3a2HpJ1zdBW,call me baby,Biffe,4UqY7xfcHtpNSyLZTYKoPp,12th grade
207,208,6wBpO4Xc4YgShnENGSFA1M,Sour Grapes,LE SSERAFIM,4SpbR6yFEvexJuaBpgAU5p,12th grade
208,209,1p7GxV4HeuZK4zJHugQ7AW,DTN,d4vd,5y8tKLUfMvliMe8IKamR32,12th grade
209,210,2jCK3k6ykjQeMfunCntp7z,EVERYTHING IS RED,Koven Wei,2pkpqIb8x2VvL9NFeche19,12th grade
210,211,4xqrdfXkTW4T0RauPLv3WA,Heather,Conan Gray,4Uc8Dsxct0oMqx0P6i60ea,12th grade
211,212,22hh7XuHzMYw7u6uqS4xcE,The Internet is Where We Met,Kempachii,5UE3fPtMEts6UkMutPv2jx,12th grade
212,213,6IPwKM3fUUzlElbvKw2sKl,we fell in love in october,girl in red,3uwAm6vQy7kWPS2bciKWx9,12th grade
213,214,3HlK8txWAdtKMrbsqX40pl,Freaking Out the Neighborhood,Mac DeMarco,3Sz7ZnJQBIHsXLUSo0OQtM,12th grade
214,215,7B3z0ySL9Rr0XvZEAjWZzM,Sofia,Clairo,3l0CmX0FuQjFxr8SK7Vqag,12th grade
215,216,58EyI084XBIMRmx6eDGKFQ,Feel Complete,LowkeyBaitss,1ZCpiak0TKKovyTTD9Se1Q,12th grade
216,217,19bOkyunoU9pjND577XtwE,mile a minute,Jelex,6dhwyJ9zxV1cstuPoRv06s,12th grade
217,218,76DunIkk8KTicv9fX4iqTc,rocketship,Adriel,06kH3673gPPQE1y6I0Dx2N,12th grade
218,219,33DQMWkaKTBkpKlmXuuNT0,Vanishing Cats,Owell Mood,21PxLOZet5J6uX4uMfXUTA,12th grade
219,220,3Dovyp9MbclWO5nus9qH41,Action Figures Fighting,Hotel Ugly,35WVTyRnKAoaGExqgktVyb,12th grade
220,221,1vvBUZseJ7fwYPX1NedOLd,Cha Cha,Freddie Dredd,0dlDsD7y6ccmDm8tuWCU6F,12th grade
221,222,0NZo4E8UMcAwQ9uuHsX9jr,Fallen,Peach Luffe,6KvuacOcxH22xWgQTAwxui,12th grade
222,223,2hpd0I53AeEGXx4dGUPMT7,Save A Little Bit,Juliana Chahayed,2qvGuhgaubJ02pfiKcJAdR,12th grade
223,224,1bvM3bK6yq3uC4LX9yF3vk,waiting alonE,Riovaz,1bhZt10yZVCJfp3HaNxJv8,12th grade
224,226,2HbKqm4o0w5wEeEFXm2sD4,Money Trees,Kendrick Lamar,2YZyLoL8N0Wb9xBt1NhZWg,12th grade
225,227,62o1fTCbANOmTfnc7x8pjk,World Is Spinning - Remix,DMAD,4pjMa1uBw63lY4eoVqrfyX,12th grade
226,228,6gHMPnovJioJRT5tvBAj5w,Limbo - Ghost Slowed,Freddie Dredd,0dlDsD7y6ccmDm8tuWCU6F,12th grade
227,229,6gH1UKDAhWS6qXzKXB4wuY,Hello Miss Johnson,Jack Harlow,2LIk90788K0zvyj2JJVwkJ,12th grade
228,230,3cM1GiA3OqESGO5zEZATAP,Backyard,Travis Scott,0Y5tJX1MQlPlqiwlOH1tJY,12th grade
229,231,4HMop4Re0iucehmF7mgV27,act ii: date @ 8,4batz,5fi7lIgJGH3RgUpJYcffQ7,12th grade
230,232,6TL9vukm9iR1CHF6GoFCyu,Vanilla,Ruffin,3vK0AN7hAMXqekxH3HdtFp,12th grade
231,233,0nLI01xizAXkil8fElyqAR,souvenir!,Lucyen,5UBw2VnIl4iOxxtjpL83g7,12th grade
232,234,3fpTMuD1u3gJlVI4FadVHs,Fancy,Drake,3TVXtAsR1Inumwj472S9r4,12th grade
233,235,4riDfclV7kPDT9D58FpmHd,Some,Steve Lacy,57vWImR43h4CaDao012Ofp,12th grade
234,236,5ruzrDWcT0vuJIOMW7gMnW,The Adults Are Talking,The Strokes,0epOFNiUfyON9EYx7Tpr6V,12th grade
235,237,1udwFobQ1JoOdWPQrp2b6u,Surround Sound (feat. 21 Savage & Baby Tate),JID,6U3ybJ9UHNKEdsH7ktGBZ7,12th grade
236,238,44J24jcP6KPcmcIDJXYUIX,Change,Frank Sativa,10uDX8MnRj05PQIVGMygO2,12th grade
237,239,2Ryzn1QqRKIKbAMNEXbLSB,Private Landing (feat. Justin Bieber & Future),Don Toliver,4Gso3d4CscCijv0lmajZWs,12th grade
238,240,6M0EP76qW9TG4SNU0agu94,Uuuu,Steve Lacy,57vWImR43h4CaDao012Ofp,12th grade
239,241,0eaVIYo2zeOaGJeqZ5TwYz,No Pole,Don Toliver,4Gso3d4CscCijv0lmajZWs,12th grade
240,242,6rUmUJ2drFemHTH73bFAKQ,That Go! (feat. T-Shyne),Young Stoner Life,1xr2G8Hlx4QWmT9HaUbmoO,12th grade
241,243,6NMtzpDQBTOfJwMzgMX0zl,SKELETONS,Travis Scott,0Y5tJX1MQlPlqiwlOH1tJY,12th grade
242,244,2K7zaTAcTUXJseGQiIje6S,Out of Bounds,Malcolm Todd,7eKkW1zo5uzW8kUntiiBvz,12th grade
243,245,3BUWNzPWz2mDbptZmGEXpB,Let It All Work Out,Lil Wayne,55Aa2cqylxrFIXC767Z865,12th grade
244,246,2Gnsof1hvZzjE1xdLRpjtf,Over My Dead Body,Drake,3TVXtAsR1Inumwj472S9r4,12th grade
245,247,4wXMa4oleu4CaD06V7zEyG,the Rake (can’t complain),Riovaz,1bhZt10yZVCJfp3HaNxJv8,12th grade
246,248,4SqWKzw0CbA05TGszDgMlc,I Love You So,The Walters,027TpXKGwdXP7iwbjUSpV8,12th grade
247,249,6vIMFEjToJUHyAgKK8s6Lk,shouldacoulda,templuv,7c4qQ1lik128TAf5e1ELbS,12th grade
248,250,08smZJCMrfuOQpRTaRmtF2,Roommates,Malcolm Todd,7eKkW1zo5uzW8kUntiiBvz,12th grade
249,251,5pLLiyazbpDHplZz7JCvNm,Hot in NY,Malcolm Todd,7eKkW1zo5uzW8kUntiiBvz,12th grade
250,252,42LY6qYxu3L6nJ7Dt72gNy,I hope that you think of me,Pity Party (Girls Club),5J3QKfJDFyjR3Q2qRcRaIU,12th grade
251,253,75IQVo8hqI1iwVZyvkN2VT,Show Me How,Men I Trust,3zmfs9cQwzJl575W1ZYXeT,12th grade
252,255,5mCPDVBb16L4XQwDdbRUpz,Passionfruit,Drake,3TVXtAsR1Inumwj472S9r4,12th grade
253,256,7lbwcw0Ex0CR9ILFs9Jrgk,2 Serious,Don Ready,5kQnpfa9Qp5lNSOThWVnFl,12th grade
254,257,1SWg0LGSxwbD3pyLfW0z5H,hot tub DREAM Machine,tobi lou,4T8NIfZmVY6TJFqVzN6X49,12th grade
255,258,7JYtGQsBwwgpHjFCZ4y5Ey,Sweet Boy,Malcolm Todd,7eKkW1zo5uzW8kUntiiBvz,12th grade
256,259,1Qq0KLUDks1te934eJpbeV,Art House,Malcolm Todd,7eKkW1zo5uzW8kUntiiBvz,12th grade
257,260,5qehd5xIsEaifMFy3jcoYr,Jezebel,Sade,47zz7sob9NUcODy0BTDvKx,12th grade
258,261,7LaEqu0q5z5di4YKXA65oe,Smooth Operator - Single Version,Sade,47zz7sob9NUcODy0BTDvKx,12th grade
259,262,2X2iPcwho1LGm2XWUqhOJH,mon amour,Gemini,67IWlRdLy3UcfY3q968euj,12th grade
260,263,0fM8xN993MUQLa0LxxHs50,his version.,billie-angela,1USzYJ98DrLK7yVTyS9Zpm,12th grade
261,264,3SAga35lAPYdjj3qyfEsCF,Feel It (From “Invincible”),d4vd,5y8tKLUfMvliMe8IKamR32,12th grade
262,265,6SNGzhVrisdq63Ndz58ovT,Luv (sic),Nujabes,3Rq3YOF9YG9YfCWD4D56RZ,12th grade
263,266,5e49INy8CAmgvqU7H8n9C6,Can't Run Forever,Vacation Manor,6lcBiGiT3dlyDMjBBtfyfS,12th grade
264,267,3M67HP1R5myqeIDySRyCqa,Smoking On Soprano (S.O.S.),Wale the Sage,4alndwWPbM9ApMYLjg19oD,12th grade
265,268,4IbHvRGmGWNmwaI8x9RMDS,Mr. Incorrect,Malcolm Todd,7eKkW1zo5uzW8kUntiiBvz,12th grade
266,269,1VlIjGDl74uwzy1nzeQ3Qr,Say No Go,De La Soul,1Z8ODXyhEBi3WynYw0Rya6,12th grade
267,270,35cOJUqY0WBzPP7QfKRdTZ,Luv (sic.) pt3 (feat. Shing02),Nujabes,3Rq3YOF9YG9YfCWD4D56RZ,12th grade
268,271,3EG9FJ0ToLfgnc1IG2Z1wz,SWEET / I THOUGHT YOU WANTED TO DANCE (feat. Brent Faiyaz & Fana Hues),"Tyler, The Creator",4V8LLVI7PbaPR0K2TGSxFF,12th grade
269,272,5oEJyOsT68BDRwLoQQJl6W,Misty,Laufey,7gW0r5CkdEUMm42w9XpyZO,12th grade
270,273,4KGGeE7RJsgLNZmnxGFlOj,Falling Behind,Laufey,7gW0r5CkdEUMm42w9XpyZO,12th grade
271,274,5xELy29v1SKxWaEtgFCjaM,One To Grow On,The UMC's,5A9hqRsPjYVEmUrnyghqmI,12th grade
272,275,65krtHkaYLPr0mEbjL61UP,Kiss of Life,Sade,47zz7sob9NUcODy0BTDvKx,12th grade
273,276,1SvET7grrtsHT0CkyJjJcZ,Is It a Crime,Sade,47zz7sob9NUcODy0BTDvKx,12th grade
274,277,5TzpCPx20n4hELdE9Vw6ZQ,Courtside,Tim Atlas,3CiuXDKttPUT0tWGHicFUH,12th grade
275,278,1otG6j1WHNvl9WgXLWkHTo,"After The Storm (feat. Tyler, The Creator & Bootsy Collins)",Kali Uchis,1U1el3k54VvEUzo3ybLPlM,12th grade
276,279,3ffKqTvUaGIWUlAaqzRMhr,spin u round,Nafeesisboujee,59oBQlP5xoa5cfPkonNNnT,12th grade
277,280,5iwUwADk4uQUvgMF6PlTRl,Upset (feat. Tommy Richman & FELIX!),Brent Faiyaz,3tlXnStJ1fFhdScmQeLpuG,12th grade
278,281,5pazGc59VEoOXgFP9rl3U5,Something Outta Me,Vinnies Pm,3oPE8l5z5PHqa1HoPi1XNI,12th grade
279,282,5H9wA29ptgnn7mXAHKhUKc,Landline,binki,2jbd7OqeJJd1hz81vOXwwW,12th grade
280,283,5pJK4zHDOdUxAZDEXx8dDO,Get Wid Lemonade,[Kyle Davis],1nyfRqThs0v4NQUi5vW6Of,12th grade
281,284,5NAQ94nrCj0b62rdhVxKnf,i wonder,Riovaz,1bhZt10yZVCJfp3HaNxJv8,12th grade
282,285,3dD7X9zJVr7PvJEvVSP9S0,tell me,Kanii,1S82w4yw9TYIHZ889mPPaW,12th grade
283,286,1CMk6fIJskTuR0UYi0Xx4t,lost without you,Kanii,1S82w4yw9TYIHZ889mPPaW,12th grade
284,287,3r8RuvgbX9s7ammBn07D3W,Ditto,NewJeans,6HvZYsbFfjnjFrWF950C9d,12th grade
285,288,55rlL4BY1WMef32ka1g11V,9TH OF THE MONTH,h3nce,2NII5V3cxjPuP5cg6UK7Ob,2024 summer
286,289,4JPcF81HVIbndg6KNFQNg6,Aunnobeats,Maigo Hanyuu,1IYW6az2BfL10WNlNlRcRc,2024 summer
287,290,1GscTZDRIVR7st9ntNH668,猛独が襲う,一二三,5vItHKjQjXHkIpgt4MEchO,2024 summer
288,291,5v7oj9PosKdE39x9uwDs6C,dancinwithsomebawdy,ericdoa,4hR6Bm9YYtktXzjmKhb1Cn,2024 summer
289,292,6L8C8fJ9ajR01ODnO5LHsB,bigassbearman,ericdoa,4hR6Bm9YYtktXzjmKhb1Cn,2024 summer
290,293,1welGULVlPbPc61eiGEELm,lastjune,ericdoa,4hR6Bm9YYtktXzjmKhb1Cn,2024 summer
291,294,3K0binVOqhif6IwCZrm5Uj,1980,Lucaa,0c5oVrVlbNTnGnHwOqFSYj,2024 summer
292,295,59G3grjIzfca3Fa6nqNqwS,You Can Almost Pretend,canless valley,4Px3YntOJS8Ba8uxa0ppIj,2024 summer
293,296,45otrYoVWC5qGdSR0eK1zP,So In Love,Breezee,5Rp3IEFrKbq1sCRWez5XoE,2024 summer
294,297,5paN7AnICxkm6NFKqKml7C,GUN TO MY FACE,h3nce,2NII5V3cxjPuP5cg6UK7Ob,2024 summer
295,298,2JCdUwmGDO3SBkhwkfRaLr,killer tune kills me,KIRINJI,0O1UtbTe4ca7HabaiMhYZ7,2024 summer
296,299,6GPljvuP6L2Y2Q2G6ZNmG2,options,kuiper,6NFaGwOgwNlwYMHHlOifuJ,2024 summer
297,300,29NibOIjytRuOEiCUCcvzE,DECEMBER ALCHEMY,h3nce,2NII5V3cxjPuP5cg6UK7Ob,2024 summer
298,301,0wBfb0s2HNxLN6qSJYuT8p,don’t make me,bixby,3vqtY7Lhhuw6sEwU4HmIRv,2024 summer
299,302,4O8YNCkMcnReiDbjdijrFS,blood on the floor,kuiper,6NFaGwOgwNlwYMHHlOifuJ,2024 summer
300,303,0lrm8xqRu1YeJEbFNfKMC2,Bad For Us,aidenf7,6QCbJtvJLGKvbpW0jC7BIn,2024 summer
301,304,4XtvB8zWlJyBHwchZchNXK,LEMONANDLIME,Koven Wei,2pkpqIb8x2VvL9NFeche19,2024 summer
302,305,0Nt4qDv5qKj0GjhIB0EGF1,don't play (haste),Txmmyily,2k4BorccGemzBPjIRkT5Pa,2024 summer
303,306,41HyMiZSBLGlfopnDE7Ppc,Baby Baby,Sports,4AGNJdJiVltImYk1UTLE0K,2024 summer
304,307,3azJifCSqg9fRij2yKIbWz,The Color Violet,Tory Lanez,2jku7tDXc6XoB6MO2hFuqg,2024 summer
305,308,0kQANryNS3gaQ1OAA1yPNg,Say,keshi,3pc0bOVB5whxmD50W79wwO,2024 summer
306,309,30efCAopZCFcoi43sSToNr,prove it,21 Savage,1URnnhqYAYcrqrcwql10ft,2024 summer
307,310,3EGa3eOp7SFocMhRuiltEz,sweet tooth,ericdoa,4hR6Bm9YYtktXzjmKhb1Cn,2024 summer
308,311,74X2u8JMVooG2QbjRxXwR8,Perfect Night,LE SSERAFIM,4SpbR6yFEvexJuaBpgAU5p,2024 summer
309,312,0nEsLR5KTySCO9CfyC2yjg,Mood,DPR IAN,2o8gT0fQmFxGNbowbdgeZe,2024 summer
310,313,6rgMOrZmsa3eKZfRSw1587,Calico,DPR IAN,2o8gT0fQmFxGNbowbdgeZe,2024 summer
311,314,2GquhrcHbl2zOnF5javAFp,Swan Song,LE SSERAFIM,4SpbR6yFEvexJuaBpgAU5p,2024 summer
312,315,58Q3FZFs1YXPpliWQB5kXB,Right Now,NewJeans,6HvZYsbFfjnjFrWF950C9d,2024 summer
313,316,62dIc92wJsmNNEiMYTmDjG,into the blackhole,HOAX,2B2EixNjepQtd6N3mDcNnh,2024 summer
314,317,2Ub5ZGPsej0A6YpvzhntLL,輸情歌,J.Sheon,4DEItwf281SHmTnS8q3Mn9,2024 summer
315,318,2JxXcCgVx61AI0MOUoXC68,잘자요 아가씨 (Prod. 과나),TANAKA,5FZYWdNeBGAItqlOdEKNKT,2024 summer
316,319,0H4pujSjMdyZzOLljAH1CC,spin u round (slowed),Nafeesisboujee,59oBQlP5xoa5cfPkonNNnT,2024 summer
317,320,6CJMNYc48kup19UTN3F1Oy,drop dead,starfall,6h0Wppb5dQnlGpY2zuGstd,2024 summer
318,321,4yMXKeuRDOIzrh3fBiJYds,Vent,NOIT,7tP7gxk3jhX8DWrl3thctC,2024 summer
319,322,4LaZ8RpIP6DIgN73bXQVlO,GET IT,keshi,3pc0bOVB5whxmD50W79wwO,2024 summer
320,323,5VBjyOQzqlPNgdRPMM6prF,seasons,wave to earth,5069JTmv5ZDyPeZaCCXiCg,2024 summer
321,324,3II4e7NyKx4f6xjtqlJhAM,forget,kuiper,6NFaGwOgwNlwYMHHlOifuJ,freshman
322,326,4c3wtz0cTV7S4hsx5WrGol,Revolves Around You,Troy Javelona,3fUSXkfAy8yFTCiGK3TXho,freshman
323,327,5VVWxHAKUJXYKb7A86cSCE,BackPage Love,Kempachii,5UE3fPtMEts6UkMutPv2jx,freshman
324,328,7JIr2FYRrpDSeY8mKaTj30,Romeo,Nimstarr,25hjCXq9ACmSkWbnvKMThf,freshman
325,329,7tzM8fxSa6vJQzT1Zlgeqd,HaHA!,Nimstarr,25hjCXq9ACmSkWbnvKMThf,freshman
326,330,6qBFSepqLCuh5tehehc1bd,Like I Want You,GIVĒON,4fxd5Ee7UefO4CUXgwJ7IP,freshman
327,331,2KVfMvkpm34c5v9ed18w4Z,As If It's Not Bad Enough,Riovaz,1bhZt10yZVCJfp3HaNxJv8,freshman
328,332,3qd3kndt4cAbwq3jLkCr1x,one n only,Nafeesisboujee,59oBQlP5xoa5cfPkonNNnT,freshman
329,333,0i2mhiiHucVjXuywKdLniL,Comme des Garçons,Jiwoo,51FKMPw06mntCaz6yO6ddg,freshman
330,334,0KTOlLibwgrhTnDvPiQRwk,Hopeless Romance,lonelyrari,6Eyg4Z5vW6eV1ze8HcWxEL,freshman
331,335,1zgHn1EqUyA0HqNYMdJ5ia,Best Time,Brent Faiyaz,3tlXnStJ1fFhdScmQeLpuG,freshman
332,336,77HFWnfdhWd8Fz6V7wyzmo,soju,HOAX,2B2EixNjepQtd6N3mDcNnh,freshman
333,337,6f04dgtjiml7Pgsu9XrhGn,Cameras,Khalil?,0TzMK687XQf4EwLFYvpDLz,freshman
334,338,3Fn2y02qGuYdftsSkPGhJ2,Lavender Town,Riovaz,1bhZt10yZVCJfp3HaNxJv8,freshman
335,339,2N5o0wpwFLYEgV4X9mmH7A,Wrap Up,80purppp,4F9apzBcSE0OSfHYbxo4RF,freshman
336,340,17kygxrx5eoU1EsHSr1dos,Los Santos,Current Blue,6wW4D3fGgRABc3cAotb0RS,freshman
337,341,0dS2u2UFd88TIzDDaZDLvS,Here With Me,d4vd,5y8tKLUfMvliMe8IKamR32,freshman
338,342,3ZJ9qLX6OKCNB1y4DO0tX4,wait,steaminwaffles,1D1Z8lMevHvsdlewoXlqKs,freshman
339,343,2OqnARPTauGuGFQN1CnEro,Fantasy,khai dreams,0lawSNBxNgJFQYJnQzLH8c,freshman
340,344,5mvOFm7fHLFLyEQtusCmUf,Forbidden Colors,Ryuichi Sakamoto,1tcgfoMTT1szjUeaikxRjA,freshman
341,345,0Qr61NXlyAeQaADO5xn3rI,Cry,Cigarettes After Sex,1QAJqy2dA3ihHBFIHRphZj,freshman
342,346,1FWsomP9StpCcXNWmJk8Cl,K.,Cigarettes After Sex,1QAJqy2dA3ihHBFIHRphZj,freshman
343,347,2UKvxuMTM7JwprZrnpxgY1,Kiss It Off Me,Cigarettes After Sex,1QAJqy2dA3ihHBFIHRphZj,freshman
344,348,5q0HdkRYhJlVI8Ep3Bfv2i,unless you leave,Chase Elliott,7CmLWWnzB2PQoGLpJ4zDHR,freshman
345,349,7IU4F6KiGpjwy5cEBKof8L,i know you know,CHSKA,6d7pgUDWxX9NiHobwGg1NB,freshman
346,350,5ye1TParxcolbnNsOXO8qE,Sleep Well,d4vd,5y8tKLUfMvliMe8IKamR32,freshman
347,351,4gAIUEY7VkeiKQOPwIYaYb,Lily of The Valley,DANIEL,1eZ0sjIrNuSNiZSfjTYgi6,freshman
348,352,5e0b9LgOfi3aJSKXFcOWRe,Beanie,Chezile,1EmdfupUQDpXOcb4Nj2mBH,freshman
349,353,6doY5sLPHdE4g7RUQdYSz6,Run Away,Chezile,1EmdfupUQDpXOcb4Nj2mBH,freshman
350,354,4z9KVNX4hmk672SJfhtQNz,F Song,Strawberry Guy,1AbJ2cmwK400LSvdvBL5Jc,freshman
351,355,08vUR1eDaCyr69Bev5VFqg,想说,Lambert凌,61u8FEElPIrXoGWzVldLnC,freshman
352,356,4SEjmXBUVNxiE8OcD8jiHY,cigarettes,starfall,6h0Wppb5dQnlGpY2zuGstd,freshman
353,357,1xWMqWlcfGrdnQWim2PJVb,Maybe My Soulmate Died,iamnotshane,3jN7f9X0EmFnsbRS6nl6as,freshman
354,358,0HAqq2GcQKyi3s87GuN7jU,Amoeba,Clairo,3l0CmX0FuQjFxr8SK7Vqag,freshman
355,359,4mMZANpFSbc19Ts4DpL763,MILLI,keshi,3pc0bOVB5whxmD50W79wwO,freshman
356,360,5F6ekGcdu623mkhTVgk64Z,Amtrak,Los Retros,0qraFJK6boYSp4ZMMX4PzG,freshman
357,361,20I8RduZC2PWMWTDCZuuAN,Take Me Out,Franz Ferdinand,0XNa1vTidXlvJ2gHSsRi4A,freshman
358,362,720bDWggHx9KL3TzKZeM1c,Not Angry,Chris James,1PU4kQGbRVMSyvawEYEjFp,freshman
359,363,2hIsd0F6ZGfHCC1xa7vSad,Each Time You Fall in Love,Cigarettes After Sex,1QAJqy2dA3ihHBFIHRphZj,freshman
360,364,6jbYpRPTEFl1HFKHk1IC0m,Like Him (feat. Lola Young),"Tyler, The Creator",4V8LLVI7PbaPR0K2TGSxFF,freshman
361,365,4PXqTastDY8zNGwYsGlsbd,TOP RAMEN,Baby Keem,5SXuuuRpukkTvsLuUknva1,freshman
362,366,0KLvDgrhFKo6k1ZSHiv5v3,FRANCE FREESTYLE,Baby Keem,5SXuuuRpukkTvsLuUknva1,freshman
363,367,6bc2ROroe6mWMUu6BjN0pl,BUBBLY,Ethan Low,09O5HSw8RO3aAnWNCADaKS,freshman
364,368,6ZeC3V7mxCZ7BJ2tkfUqJ3,GEMINI,Ethan Low,09O5HSw8RO3aAnWNCADaKS,freshman
365,369,6wfDZEVkCF3rQTYSixF9PB,SKINTIGHT,Ethan Low,09O5HSw8RO3aAnWNCADaKS,freshman
366,370,7FT7a5DV7Mk6Mc9ZRJnX70,Night Train,Milena,2ODok2cPMF1Z1gZetfaL6n,freshman
367,371,4xlkIVboOY2plOALp9bqD8,Night,keshi,3pc0bOVB5whxmD50W79wwO,freshman
368,372,4j03slEeYFbqlUnbc5B96l,Sofia,Nafeesisboujee,59oBQlP5xoa5cfPkonNNnT,freshman
369,373,02wNtFxlr9dLmZXKT5TIF5,Over the Moon,The Marías,2sSGPbdZJkaSE2AbcGOACx,freshman
370,374,22SzDc935bA8KpGAfBVfDL,Iceberg,Headband Henny,5TVg3o43tfrceLxSCPTvro,freshman
371,375,0InIeZW4P6VO7dUGRM4AKH,Sienna,The Marías,2sSGPbdZJkaSE2AbcGOACx,freshman
372,376,2MbshEarSF2aRbqi32zIpi,Beat Fs,Paulie Leparik,6UXdw3AJt6S6ri0IGsqquQ,freshman
373,377,7m779WnE2a8dww2cbtDa9E,hotel,twikipedia,2V8aJ7qCArKAmHAX7u81Sj,freshman
374,378,3xXnvKUitIeEk1XdrJu4fS,love bug,okayceci,1NCMfKfYXbyLqsChnYNd3P,freshman
375,379,6NtVX4qwWMmAtNFaG485iq,沉溺（你让我的心不再结冰）,邹沛沛,4ST2uUeBAbGgmskBWYRB8S,freshman
376,380,4ewazQLXFTDC8XvCbhvtXs,Glimpse of Us,Joji,3MZsBdqDrRTJihTHQrO6Dq,freshman
377,381,5kDgJffgJ0lYHTSiaXFWNw,BABY I'M BACK,The Kid LAROI,2tIP7SsRs7vjIcLrU85W8J,freshman
378,385,7CwWhMGWICOl2ICwbk3QTE,Talk talk featuring troye sivan,Charli xcx,25uiPmTg16RbhZWAqwLBy5,freshman
379,390,7pv80uUHfocFqfTytu1MVi,Didn't Cha Know,Erykah Badu,7IfculRW2WXyzNQ8djX8WX,freshman
380,392,3dAk7Z16rv38qRM3MIhCIX,Comfort Me,Malcolm Todd,7eKkW1zo5uzW8kUntiiBvz,freshman
381,393,1h2IHrBJcZxB0XboJQpVWa,lost souls,Baby Keem,5SXuuuRpukkTvsLuUknva1,freshman
382,395,0HWOT3ah92hDtin7lFMy5w,One For Me,Aaron May,2rwALQ1SXdfUWPUd6WOfYS,freshman
383,396,5HWUML8GPsj6D3b3XExs6M,beanie - instrumental,no/vox,2xqJKm6kEppHQzqQSLiRb9,freshman
384,397,6ZO96viUqhiRQpwxOYdwdE,bonfire,wave to earth,5069JTmv5ZDyPeZaCCXiCg,freshman
385,398,5expoVGQPvXuwBBFuNGqBd,Hurt,NewJeans,6HvZYsbFfjnjFrWF950C9d,freshman
386,399,72UVMFjUAL6KJvwi36VBiz,peach eyes,wave to earth,5069JTmv5ZDyPeZaCCXiCg,freshman
387,400,1MNHqDjKxhtn7YwLCpm7Nt,light,wave to earth,5069JTmv5ZDyPeZaCCXiCg,freshman
388,401,709p9UGPAuyImWf1Z3vjRo,Let You Break My Heart Again,Laufey,7gW0r5CkdEUMm42w9XpyZO,freshman
389,402,2eJqIHa8XIjRMulb4XYVSd,lovergirl,saturra,1xPIxfFsY5QMOPvpA2qljN,freshman
390,403,4fY3eujPNFdOrrCzVPCsoQ,Who are you?,Saga Faye,3rivgJzm48Cc5SIqls7Mbv,freshman
391,404,58hvrxpB1yYni8Q0EtLP0s,I Love U/F U,Antonio.609,6B79GH1LYa5wRBiDOysltJ,freshman
392,405,7lGOE0UGXooJBBpBYyh0B4,OUTTA MY MIND,Monsune,6NgYKD0TKGjwtRFqTyyqKF,freshman
393,406,4hQaHVq4cuEqkutojddk0g,IF I,Wynn,6I3Ht2A9XcZyeD8cMJuIWI,freshman
394,407,0mk9lGk7y9HpnoaAllUfmv,warm,Junggigo,6zTIxEXFWjoNu2VXauDITb,freshman
395,408,20oWyi2kyCBXvgmD41XYEm,Moonlight,Yo-Sea,0ayU6CR43tInomJqB9JfRw,freshman
396,409,2YvWonOJesvP0yu9IFJY7S,I Don't Know How To Love,The Drums,0p5axeJsbtTCXBrRVoKjwu,freshman
397,410,0TZejo18HlJ86OrWNsXKnw,Mrs Magic,Strawberry Guy,1AbJ2cmwK400LSvdvBL5Jc,freshman
398,411,0qSnORtqjEXLFKKKSy9WMc,Beanie - Slowed,Chezile,1EmdfupUQDpXOcb4Nj2mBH,freshman
399,412,2TAKt1x0k9AltDJm31GhEu,Bleed (feat. Omar Apollo),Malcolm Todd,7eKkW1zo5uzW8kUntiiBvz,freshman
400,413,5hGZ18fF81kgGwukiJOKGm,Who's the Fool,Malcolm Todd,7eKkW1zo5uzW8kUntiiBvz,freshman
401,414,7adRpZ95O48LZgFHR5vIYb,IF I (Inst.),Wynn,6I3Ht2A9XcZyeD8cMJuIWI,freshman
402,415,5AGQSF0ytihJyt96K5vW9d,Heartbeat,Childish Gambino,73sIBHcqh3Z3NyqHKZ7FOL,freshman
403,416,7gwDhjnhOF76bEY08H1of9,MOROS,Ethan Low,09O5HSw8RO3aAnWNCADaKS,freshman
404,417,7l9D6dDFiG3UeaUWfh9USk,BOUJEE,Ethan Low,09O5HSw8RO3aAnWNCADaKS,freshman
405,418,1JpJAmcDXCf9M5O80KMUdb,NWYK,Ethan Low,09O5HSw8RO3aAnWNCADaKS,freshman
406,419,66R0k1qW4dMkUpfq2JY3PE,HIT THE FLOOR,Ethan Low,09O5HSw8RO3aAnWNCADaKS,freshman
407,420,4Q9GArihbyGgtxRZ9D65Dj,KISS&TELL,Ethan Low,09O5HSw8RO3aAnWNCADaKS,freshman
408,421,4ASoS06kltBvEel1ekoziv,parasite,yuji,5kjFzBMHeoAx9xksFSwfUW,freshman
409,422,5pmITEphUtjpCLmKiYIPl9,Soft Spot,keshi,3pc0bOVB5whxmD50W79wwO,freshman
410,423,1c4qQG0WFrhSZxWGHjN1qA,CAN'T GET OVER YOU (feat. Clams Casino),Joji,3MZsBdqDrRTJihTHQrO6Dq,freshman
411,426,3siwsiaEoU4Kuuc9WKMUy5,No One Noticed,The Marías,2sSGPbdZJkaSE2AbcGOACx,2025 summer
412,427,2k9cIkCVD4zotzFL6xj6hg,"Player Two - From ""Don't Tell Mom The Babysitter's Dead""",Jordan Ward,3DGlTwdM5Dim9XQipb3jMf,2025 summer
413,428,6ggzIOQ1wbVWjpGOzJvoqF,still love you (todavía),The Two Lips,0jtiZkDcuWRf647co8id50,2025 summer
414,429,1jecO8NeYLsVWVptITz4c1,Tú,maye,5ti5FPHgtaSf15KcUisZMt,2025 summer
415,430,2X4IjZJiYOqsVYZV7hjY8O,Jussai,Femi Tahiru,7Kf8nVYjut9xA328Xqs6gm,2025 summer
416,431,0gmStTUTuiU807EB4KafOX,Yours,maye,5ti5FPHgtaSf15KcUisZMt,2025 summer
417,432,3R8ot3FdpL72rZ58mQ9Kkr,How Long Will You Love Me,Paulie Leparik,6UXdw3AJt6S6ri0IGsqquQ,2025 summer
418,433,2eAlKm585ixpbZfMEjSOK3,i love u,yuni,3RAw8Xs6ln2DkGhktvSOUO,2025 summer
419,434,0h3BFerMyzUaYYh2nwGiX3,SIDEKICK (with Joyce Wrice) - BONUS,Jordan Ward,3DGlTwdM5Dim9XQipb3jMf,2025 summer
420,435,493QAWu3MMZLVftuFfM2ey,Joy,фрози,3IIpbS5XHnLSdXTP4c1YN2,2025 summer
421,436,08vlprFBmwh9TQnjXUtZDG,FAMJAM4000,Jordan Ward,3DGlTwdM5Dim9XQipb3jMf,2025 summer
422,437,1ciQU7ZQGHq129m3njp9en,dirty dancer,Orion Sun,2efrqekWSHlvhATD50AG3m,2025 summer
423,438,3QaPy1KgI7nu9FJEQUgn6h,WILDFLOWER,Billie Eilish,6qqNVTkY8uBg9cP3Jd7DAH,2025 summer
424,439,6D6HVKe7Qu3imn4zzJD0W9,drunk,keshi,3pc0bOVB5whxmD50W79wwO,2025 summer
425,440,3vkCueOmm7xQDoJ17W1Pm3,My Love Mine All Mine,Mitski,2uYWxilOVlUdk4oV9DvwqK,2025 summer
426,441,0FTmksd2dxiE5e3rWyJXs6,back to friends,sombr,4G9NDjRyZFDlJKMRL8hx3S,2025 summer
427,442,5AESgkEOkftzxGqIgqR0bt,Dark Vacay,Cigarettes After Sex,1QAJqy2dA3ihHBFIHRphZj,2025 summer
428,443,26dXOkhzMxLLNaUXt77HQc,always,keshi,3pc0bOVB5whxmD50W79wwO,2025 summer
429,444,2thG2W9rDUsjCDRcdIIDv5,painted skies,elaine,46QprbyoYWVdoTT3OBtwMP,2025 summer
430,445,4ckuS4Nj4FZ7i3Def3Br8W,Sneakin’,Drake,3TVXtAsR1Inumwj472S9r4,2025 summer
431,446,3GVkPk8mqxz0itaAriG1L7,Everybody Dies In Their Nightmares,XXXTENTACION,15UsOTVnJzReFVN1VCnxy4,2025 summer
432,447,5crhCXtSJ8OkirbbTRsNNJ,Chamber of Reflection,Your Anxiety Buddy,6krQn0Lyb7Wj0Yz03Z2Ts0,2025 summer
433,448,0uZFcsx96wzbixsULmrg8o,Pasilyo,SunKissed Lola,4bLLB1dbsRVUTcMpnDGDO2,2025 summer
434,449,2wXzj9EsrGjwHa281n1fsi,Palace,ADTurnUp,4RRmL81NhhouCKGo8I6GaU,2025 summer
435,450,6rrGXLdzqSRUAL4XTrZ5Iy,no flowers,Nafeesisboujee,59oBQlP5xoa5cfPkonNNnT,2025 summer
436,451,52qOqXbwTO1ATWX7DAcX14,what do i do?,Shaydoff,5JwqboZZCBW4gCjFONSJ15,2025 summer
437,452,4iVj0UxqLlgrFWNdOnCwFS,Mrs Magic (Strings Version),Strawberry Guy,1AbJ2cmwK400LSvdvBL5Jc,2025 summer
438,453,3rBO1nOunQEJVOKq3skg1v,Sweet Taste of Remorse,Shaydoff,5JwqboZZCBW4gCjFONSJ15,2025 summer
439,454,7CEoIfRSVlNOmv9GT5SI7Z,Adequacy and Other Troubles,allo pl,39BSgU0yV2JxR5Go1Pygge,2025 summer
440,455,04mlq0pDV7qSLSmnarrwGP,a delusional nuisance,imar,0UensQjJ6dOgvs8h1HCntZ,2025 summer
441,456,4olmDlE7j32jmtG66djpf8,get with me,Mons Vi,5W5qK44etRPdYVC1YkfUfW,2025 summer
442,457,3jNgCdoRoHMNFhFgAotXwu,Symbiosis,Lo World,0fGmmU50oCV2JhQIrzb8YI,2025 summer
443,458,0r90lCUSR9WKHR9QpBRIgp,could i get what i want,Starberry,6Y1lsJKYVwK9cnr6D4mYJM,2025 summer
444,459,08OVXP5GUi00OUbx7HWlnq,Call My Name,ADR1NN,4q1OE2yqyGbd30RBiakQ0e,2025 summer
445,460,0qn2zmhWnLwoAGTo9nUcof,Blur,Rainy Circle,2kd7kjfkkf76LcNKHWA2g6,2025 summer
446,461,0hta2Lb2zKJ7kEnAEZEE3G,Nope your too late i already died,wifiskeleton,0TvvDswOgvPbgSPK2RDf62,2025 summer
447,462,4hOxhyzNA3ABZ5lUjXkeof,deleted scenes,HOAX,2B2EixNjepQtd6N3mDcNnh,2025 summer
448,463,3oHfyJpmuR3OzV7fZRGeDK,the comedown,HOAX,2B2EixNjepQtd6N3mDcNnh,2025 summer
449,464,0UYnhUfnUj5adChuAXvLUB,Sailor Song,Gigi Perez,1iCnM8foFssWlPRLfAbIwo,2025 summer
450,465,3IyqP8du2gwTGG7UAgd5re,Motion,ARIIZ,0E3ohK8MkpQjxHPf2FDP4H,2025 summer
451,466,2vHfabj6nFebekTYODqntl,Want You Back,5 Seconds of Summer,5Rl15oVamLq7FbSb0NNBNy,2025 summer
452,467,0F5pLlDRsYpz1eiazcGQR1,love like that,Endie,3B7lDutNv1vGrqkujRx78O,2025 summer
453,468,34BbMQc4AFjbojU7q5p9yJ,god complex,yuronono,4cQiVRDyg34QUEs9uFW6Sj,2025 summer
454,469,5xA5MggKc3aQxuOzNzPUWB,Apple Cider,beabadoobee,35l9BRT7MXmM8bv2WDQiyB,2025 summer
455,470,3pf5M9sxSecmhjT9gMPwe9,Like That,keshi,3pc0bOVB5whxmD50W79wwO,2025 summer
456,471,2SOmSOFCgASyBrf3DHwBt4,insurance,Rehash,10WfoBIKKTSqCvkeG1XW9T,2025 summer
457,472,69hETV9gK14D20pyT55RMH,heart attack,Endie,3B7lDutNv1vGrqkujRx78O,2025 summer
458,473,4MW6rvk1kUkIfQPQtjQkcZ,drew,HOAX,2B2EixNjepQtd6N3mDcNnh,2025 summer
459,474,2MFPHUrosiTE3pEB9bI0GL,5,HOAX,2B2EixNjepQtd6N3mDcNnh,2025 summer
460,475,6EQc49wgMiNE8BiJ6XrFUu,wasting time,HOAX,2B2EixNjepQtd6N3mDcNnh,2025 summer
461,476,6hLwWVV4b7cXlqxU76PcTs,is suicide too much?,re6ce,4ULUpM5hJYKWhWdIViYrGK,2025 summer
462,477,2FwDApgXk91kXvqy2oB7dz,Simulation Swarm,Big Thief,5QdyldG4Fl4TPiOIeMNpBZ,2025 summer
463,478,1sczjXEYHpbpCsaA25ZzPv,intentions,starfall,6h0Wppb5dQnlGpY2zuGstd,2025 summer
464,479,4pryE6cN2gFL1FVF5fYINl,Leave The Door Open,Bruno Mars,0du5cEVh5yTK9QJze8zA0C,2025 summer
465,480,6LxSe8YmdPxy095Ux6znaQ,Headlines,Drake,3TVXtAsR1Inumwj472S9r4,2025 summer
466,481,0TlLq3lA83rQOYtrqBqSct,Nonstop,Drake,3TVXtAsR1Inumwj472S9r4,2025 summer
467,482,58yR1fuvNzr0DaphAufHcr,i know you know (stripped),CHSKA,6d7pgUDWxX9NiHobwGg1NB,2025 summer
468,483,4eSGSqP2TZvvX0kadZZttM,Doing It Wrong,Drake,3TVXtAsR1Inumwj472S9r4,2025 summer
469,484,3m5rs2BeWjLUe0Ygc6aM7i,Streetcar,Daniel Caesar,20wkVLutqVOYrc0kxFs7rA,2025 summer
470,485,11kDth1aKUEUMq9r1pqyds,5% TINT,Travis Scott,0Y5tJX1MQlPlqiwlOH1tJY,2025 summer
471,486,4WdOTZKQ9HzUqo5VEGiLGf,Love like that,LambC,0BpbTGO68X4wV2aLBzjnhL,2025 summer
472,487,3YN2Vz3jYYIIvkC2eX2mGr,Fill My Empty Soul,WHIZZ,07ZnzLy7JvS7ogmwvjHbUe,2025 summer
473,488,3Youu6DpYa0DtPSyKIj6JA,Hey Darling Darling,GDJYB 雞蛋蒸肉餅,06LP6816j1i658mANtPNVc,2025 summer
474,489,1ltY12I06bBIIpi4g1X6pD,One Summer's Day - Instrumental,Super Piano 64,7M1OtLgGeX29Ivo1llzubY,2025 summer
475,490,0BmRj1LXJGPAox0pl3rMbc,DIE FOR ME,Chase Atlantic,7cYEt1pqMgXJdq00hAwVpT,2025 summer
476,491,0dg3UMW7MKz5yXQja44VSj,forever &,EJEAN,2h1C4NVjSJnWrUeo4Z4dFz,2025 summer
477,492,69phA1R4gmQsBFRQ3INW8C,ONE CALL,Rich Amiri,2sF5nNXnrrsCPZlt8ZpyGd,2025 summer
478,493,5ifPhZk1LGRNu8whwO3dUP,You and My Desire,Sadder Days,09pCD0j6zTSon9okqgWkqE,2025 summer
479,494,11SsZjc73w58L5y0csv67t,West Orlando Flow,Caleb Gordon,6s3XaJkcT7464G4oII9V41,2025 summer
480,495,6FqN3BoTTfwatP3MKEgkLB,WILLY,nobigdyl.,2d8NsBa8O4C6bgQatFP5V4,2025 summer
481,496,5xrtWzNclWvxic98ryBeWD,B.I.G.,Forrest Frank,1scVfBymTr3CeZ4imMj1QJ,2025 summer
482,497,0k4hBPMRIRlFsOK4vtNQQx,Genuine love:),SBGTON,2S33DtRjrnmpEkgdhFHUJ8,2025 summer
483,498,3Nchp5FIgnabzgM1BMoOVT,cannot get over you,requiem for you,57AnDWmqicwUdRqGXQ1I90,2025 summer
484,499,0At2oBBJxf4yAigXEpvUcI,kiss me blue,pami,4cC1AQC0SUwmemy2FHBST8,2025 summer
485,500,4m1Qw2bLggqiXjasXVp28N,talk to me,starfall,6h0Wppb5dQnlGpY2zuGstd,2025 summer
486,501,2lARppkZ9aUyrhqoU1t1RB,in my brain,Takayoshi,6LszZyd03prLB8lIPbZ9Uo,2025 summer
487,502,5r2ig8UGwoDgBAkx5MZnVz,lid to my jar,cykim,2X35vslJoAwfxLhu3wAdjq,2025 summer
488,503,3VCXx37jNGNOMns6z2OnvJ,Swing Lynn,Harmless,5dYGaoCO0iaUZKfl9K8Gtd,2025 summer
489,504,19F3MeGHCiwmRCcV01Npvn,A Miserable Life...,Decalius,1q4hWErLtwYQIca9js6NgP,2025 summer
490,505,0nJW01T7XtvILxQgC5J7Wh,When I Was Your Man,Bruno Mars,0du5cEVh5yTK9QJze8zA0C,2025 summer
491,506,1tFPKkXCk979jEPGvofKdW,hearts,Jack Zhang,1t8ZBJP31ZruS3bObVSeAv,2025 summer
492,507,4Sp4AgLbWeqddzY7DNhJFv,In Love,Aaron May,2rwALQ1SXdfUWPUd6WOfYS,2025 summer
493,508,2VtXANhW6YpAzsMDQCFkAv,Your face,Wisp,3TJZG17pjOKXwx1ELKJPfm,2025 summer
494,509,7D0RhFcb3CrfPuTJ0obrod,Sparks,Coldplay,4gzpq5DPGxSnKTe4SA8HAU,2025 summer
495,510,2fuYa3Lx06QQJAm0MjztKr,Let Down,Radiohead,4Z8W4fKeB5YxbusRsdQVPb,2025 summer
496,511,2U7svZUGvR4tfKdyxv9mXu,would've been you,sombr,4G9NDjRyZFDlJKMRL8hx3S,2025 summer
497,512,0MNNKSUU9OOQ8DSGWduw79,Mystery of Love,Sufjan Stevens,4MXUO7sVCaFgFjoTI5ox5c,2025 summer
498,513,5VuwAhMCz9EMg3RHL1KUEr,Merry Christmas Mr. Lawrence - Version for Piano Trio,Ryuichi Sakamoto,1tcgfoMTT1szjUeaikxRjA,2025 summer
499,514,7s8VgA8OjvwBUuigKzEGBx,This Is Home,Cavetown,2hR4h1Cao2ueuI7Cx9c7V8,2025 summer
500,515,7cFwopK7QTOgaEwF9JgipA,Second Nature,Clairo,3l0CmX0FuQjFxr8SK7Vqag,2025 summer
501,516,2Co0IjcLTSHMtodwD4gzfg,I Bet on Losing Dogs,Mitski,2uYWxilOVlUdk4oV9DvwqK,2025 summer
502,517,6FcDxtnGfsYHOcGkXN2OIG,Add Up My Love,Clairo,3l0CmX0FuQjFxr8SK7Vqag,2025 summer
503,518,7IA9HiB4aJLelO0W9jd3Oo,wutiwant,saraunh0ly,04HHljh1nKyEVPeIzM0Oid,2025 summer
504,519,2nHh7scNhJmTdVqEFPJFbj,Hola,Gemini,67IWlRdLy3UcfY3q968euj,2025 summer
505,520,50q2aUjWoTn6CJIfSPRJQA,(They Long To Be) Close To You,Carpenters,1eEfMU2AhEo7XnKgL7c304,2025 summer
506,521,3Vwj4kOqiWSIqxXhOaZG8c,Confess Your Love,Provided,7x2PV2OTf6vmoV4av2a2X1,2025 summer
507,522,00WLowvlN5cjkYpQV6pjo4,Die For You,Joji,3MZsBdqDrRTJihTHQrO6Dq,2025 summer
508,523,41DJJAQSoNMarvwDXDzeCi,innocence,kamen!,2HsTegeQN153UQQVWsTUBw,sophomore s1
509,525,0v3R31zrlLGZKXPnX2xWg9,mock,Rehash,10WfoBIKKTSqCvkeG1XW9T,sophomore s1
510,526,0v8J17a6cO0wWp7z731GTd,One More Love Song,Mac DeMarco,3Sz7ZnJQBIHsXLUSo0OQtM,sophomore s1
511,527,2xOxJOUCQRc4nMIwwHAKI7,If I Could Find You (Eternity),The Holydrug Couple,6ahs4UAnYtpgTHHdiojFHt,sophomore s1
512,528,2CiJH4kFVfEmFke2bmEqj5,"Drive, Don't Talk",Makeout Reef,39I2FHig6PNSj3ctNkxX9o,sophomore s1
513,529,6BPUAjpS14RGD38pymlEL0,Anesthetic,Evan Pak,4iyZCveqeAFlOd1E47ZHyC,sophomore s1
514,530,1CPnlfYU1dAQSLb6w5jt7I,I’m Just Like That,YONLAPA,65IzDDRlZuKIBe0QCG68Cu,sophomore s1
515,531,0xsACxtkQkj3tCkmg0ZPUX,endlessly,Chanpan,1fWoiW6kTjrVDoRc4ba3kh,sophomore s1
516,532,4GKBSeyvp61Ricr7aud50p,on the subject of apathy,Rehash,10WfoBIKKTSqCvkeG1XW9T,sophomore s1
517,533,4TP4RjivFmZXB2Sdy4oiJH,Beat Fs 2,Paulie Leparik,6UXdw3AJt6S6ri0IGsqquQ,sophomore s1
518,534,5QvPXwe9nHM44znzvGkZGz,Dinner at the Hamptons,Paulie Leparik,6UXdw3AJt6S6ri0IGsqquQ,sophomore s1
519,535,5dzy3iem2OygtwSw4wQ8NA,Alone Again,Paulie Leparik,6UXdw3AJt6S6ri0IGsqquQ,sophomore s1
520,536,0U6srW4xUweBkjJvLXE2T1,Wishing4Yesterday,Paulie Leparik,6UXdw3AJt6S6ri0IGsqquQ,sophomore s1
521,537,1a4TaTRsFu6SmD3YeL7YNX,the worst,Paulie Leparik,6UXdw3AJt6S6ri0IGsqquQ,sophomore s1
522,538,1t2qI4oQqJGrRr89gIDM4i,Bye Bye Bye,Paulie Leparik,6UXdw3AJt6S6ri0IGsqquQ,sophomore s1
523,539,1i9lZvlaDdWDPyXEE95aiq,TELEKINESIS (feat. SZA & Future),Travis Scott,0Y5tJX1MQlPlqiwlOH1tJY,sophomore s1
524,540,2W6WfyosjvM5FarKvl4HsZ,The Getaway,Fixupboy,6wZXpugmBbTg3lqKupAEEX,sophomore s1
525,541,4dV6LvBbtkFrPMvgjgQ0ch,Freaks,late night drive home,1muzcpVFKmKSrT7rVNAwBB,sophomore s1
526,542,4RuSob7vIafKuRwFQ3y2QA,talk to me (before the night ends),late night drive home,1muzcpVFKmKSrT7rVNAwBB,sophomore s1
527,543,11LDVw7YwgL1GBrMF2Q2HP,yako,Rehash,10WfoBIKKTSqCvkeG1XW9T,sophomore s1
528,544,1SNZVSPzUbgecpz0gFAL0R,All Alone,BluNites,1qT1IiHytkg4UA3jvn2zQE,sophomore s1
529,545,2OdFE9gpbHzx5GzX768Lzm,You + Me,BluNites,1qT1IiHytkg4UA3jvn2zQE,sophomore s1
530,546,7tI5tybhFugUbJXeLJIFSC,Tied,Makeout Reef,39I2FHig6PNSj3ctNkxX9o,sophomore s1
531,547,2RDnmrGR0F1Z25g4KENnZQ,affection,Jaybexo,2EiZrhJaUqMPjo8qlVC93L,sophomore s1
532,548,4Q9qkdqu0qKKjaftRrAK9C,No One Noticed (Extended English),The Marías,2sSGPbdZJkaSE2AbcGOACx,sophomore s1
533,549,1gWENfXaEq8R0j3paJ7S2m,Too Much Jack,Jack Pavlina,1D79a2LOafgbaMM7OYuo1N,sophomore s1
534,550,0lJ1rHhQIBPeQAVhr94qbq,bake shop,kuala,0XOT5JvyItELtax6yuzvWl,sophomore s1
535,551,2xxXExL32cYOHR5eMPgvIh,parties,Teddy Bushara,2Qxj4JyoULshDgJ5NfoVOb,sophomore s1
536,552,0nb7xDIXaJe0Atlp48BPAV,Celeste,void,5ySK6tR70ZunnmPEHCrCwF,sophomore s1
537,553,3L0JDlycMhSA7R0M0OfNIY,Ay No Puedo,The Marías,2sSGPbdZJkaSE2AbcGOACx,sophomore s1
538,554,3GP7l2bmXT6T2FNAzERwBr,Too Good,Christian Kuria,4uaGojdWj4H6cTJydZUPWG,sophomore s1
539,555,1mbuSss0OVqfS00y7yCNCZ,Ruthless,The Marías,2sSGPbdZJkaSE2AbcGOACx,sophomore s1
540,556,2aSiaWovCvK3bu7nf2CkSE,Sometimes,.com,0KMlyqeocN19K1DTl4TpzQ,sophomore s1
541,557,5TqpkxWmRmADUa6iV1lhJQ,Let Me Go,YONLAPA,65IzDDRlZuKIBe0QCG68Cu,sophomore s1
542,558,4vEyCh0Cc8WR35k6MPavez,idontwantyourlove,BleuJetta,5iSYrAdwp7Jt8yqi2otaJj,sophomore s1
543,559,5kNkur3T4jkLrLcId9b44N,When the Leaves Begin to Fall,Jacob Maul,0B2JDdsYKzFrqJO6hhJn2e,sophomore s1
544,560,1s7rcVjAo6biQrEVurIK41,STOP BY,Biking With Francis,07F5Y7TLkmvth3M1bXyVIi,sophomore s1
545,561,29Qre8uUWCuPUz8Oem2MYI,Spanish in Chinese,Zeauxi,2tGkqm7DdGhJgAeOU5tZOu,sophomore s1
546,562,53TGkcPYlDqtynN9qYsOx4,She Shouldn't Mind,Rehash,10WfoBIKKTSqCvkeG1XW9T,sophomore s1
547,563,7LZ1uTDc13r2mKA8AJxn89,Confess Your Love - Ultra Slowed,urthirstybby,0xgyDRichJPSp6aGFOhFjP,sophomore s1
548,564,0RD3NWnHlyBCRwgNZy8QAn,Asleep Among Endives,Ichiko Aoba,6ignRjbPmLvKdtMLj9a5Xs,sophomore s1
549,565,2IMPPA9UZpqTnnVIy9lDHU,Love Me Back,fromis_9,24nUVBIlCGi4twz4nYxJum,sophomore s1
550,566,1Yjht6lUYTjJTsdUL6J9xx,Darling,LEEHI,7cVZApDoQZpS447nHTsNqu,sophomore s1
551,567,6G4z9WbxyEeWdEQTfShACT,BREATHE,LEEHI,7cVZApDoQZpS447nHTsNqu,sophomore s1
552,568,6DJdJmHUuOAZKpJcYuyaS2,goldeneyes,HOAX,2B2EixNjepQtd6N3mDcNnh,sophomore s1
553,569,2QdcmNlQdW8iA4JEg29cgx,strangers,proderics,3VsmiWWtAHSrkgF2forgVI,sophomore s1
554,571,2FRnf9qhLbvw8fu4IBXx78,Last Christmas,Wham!,5lpH0xAS4fVfLkACg9DAuM,sophomore s1
555,572,3dd1Mjg1YpAaQPEaG26yUA,BLUEBIRD,Ben Beal,0XEdYglFQ0lXGXybCY3z8N,sophomore s1
556,573,4r5ZOz2d8SKR2xJzaZth9E,SLOW DOWN,Taichi Mukai,2oNStf3CKKLM5lnzELWMcH,sophomore s1
557,574,7AaCqnFCdfEKesBwSzS8NQ,Bodies,keshi,3pc0bOVB5whxmD50W79wwO,sophomore s1
558,575,2ZP85Jq4K27V6WWVXfINSR,bandaids,keshi,3pc0bOVB5whxmD50W79wwO,sophomore s1
559,576,3r9eGg4SVPbhtiPTA9UkmK,us,keshi,3pc0bOVB5whxmD50W79wwO,sophomore s1
560,577,2Q3QRjA8MjzqpFaIkFludb,right here,keshi,3pc0bOVB5whxmD50W79wwO,sophomore s1
561,578,2PcRcEPe8HkDhYsA6OV6d4,xoxosos,keshi,3pc0bOVB5whxmD50W79wwO,sophomore s1
562,579,4rJHH484bHZDts51o5i2CB,I'd Rather Pretend,Bryant Barnes,1URGXPcURc0aQzLeph65nK,sophomore s1
563,580,1WBMfkJJbuD30j3UKLvdFm,Anesthetic - Slowed Down,Evan Pak,4iyZCveqeAFlOd1E47ZHyC,sophomore s1
564,581,0myRViRgmQ3J8izICXEAVO,I Thought I Saw Your Face Today,She & Him,3CIRif6ZAedT7kZSPvj2A4,sophomore s1
565,582,6IyXEt2JHU0chOLgb7WpfM,Turn Back Time - Twitch Tapes,Tory Lanez,2jku7tDXc6XoB6MO2hFuqg,sophomore s1
566,583,765Esh7KnFbN1dqxu50A4t,WHAT U NEED,void,5ySK6tR70ZunnmPEHCrCwF,sophomore s1
567,584,1GRA2TcMlpD44WXeaa8B4n,ROSE IN THE WINTER,millkzy,7sxM2gRejxUDw7fKtCISzR,sophomore s1
568,585,6MbH1QiphMCPTqVEVC7UYi,Nothings Into Somethings,Drake,3TVXtAsR1Inumwj472S9r4,sophomore s1
569,586,3STIi4I7eGMJJJhGRIfVli,Wish - Audiomack Trap Symphony Version,Trippie Redd,6Xgp2XMz1fhVYe7i6yNAax,sophomore s1
570,587,3pXF1nA74528Edde4of9CC,Don't,Bryson Tiller,2EMAnMvWE2eb56ToJVfCWs,sophomore s1
571,588,7gLSP06mJPQ3xQEIGVabHJ,Mintpod Princess,Paulie Leparik,6UXdw3AJt6S6ri0IGsqquQ,sophomore s1
572,592,2KvHC9z14GSl4YpkNMX384,Do Not Disturb,Drake,3TVXtAsR1Inumwj472S9r4,sophomore s1
573,593,6ieWL5CLN9WdC875guWtMe,Lady Of Namek,Tory Lanez,2jku7tDXc6XoB6MO2hFuqg,sophomore s1
574,594,6fAAcbj9MGf3XqCmLYy9Io,let's keep pretending pt. 2,harmxny,1vYH0cG97TDzbBnoDPrpEP,sophomore s1
575,595,6eGMwVVABqVTe9bWRIm498,reflection eternal,Nujabes,3Rq3YOF9YG9YfCWD4D56RZ,sophomore s1
576,596,1YJx2YYXLZdneV9PtDKwS0,Tori's Ballad,Marigold,1qxMrN7GOPfiFkC8H0rKh6,sophomore s1
577,597,3tK8OFi7R6lQBC00KClbZm,One On One. (feat. Headband Henny) - Remix,Micah Dailey-White,0SSLcKlt82IAYAFVKljEZc,sophomore s1
578,598,6fBm7xxXMkIJZ1Kh8vc6Kl,What about Next Spring (feat. Kim Daniel of wave to earth),Milena,2ODok2cPMF1Z1gZetfaL6n,sophomore s1
579,599,664FIU1PGtfB6cxGQ1vAVP,Oh Rosy,Milena,2ODok2cPMF1Z1gZetfaL6n,sophomore s1
580,600,62zj6l5dQuzO7FrePuxP2D,Letting Go,Rehash,10WfoBIKKTSqCvkeG1XW9T,sophomore s1
581,601,4wVOKKEHUJxHCFFNUWDn0B,Chicago Freestyle (feat. Giveon),Drake,3TVXtAsR1Inumwj472S9r4,sophomore s2
582,602,7BDQyyI8rJvTEgu65AeHTV,Ugly Boy,dyego,56bkZKcxAWFBuODAyLBwd3,sophomore s2
583,603,6KO6Nhp1SzQX9Fp46w2NVe,a delusional nuisance - slowed,imar,0UensQjJ6dOgvs8h1HCntZ,sophomore s2
584,604,6fTH4b7b5Mvp9xxOSoDiZl,Stop Pretending you Like Salad,boycomma,0JQLyvOXvqnJUZQq5nzmc6,sophomore s2
585,605,5VwVymLpSeyxlpA013kY7W,past,crayon,5U1i5YedIdNjqnbrrvuxSs,sophomore s2
586,606,5VF2lofen5cBs6NaSRZKN6,It Just Is,Makeout Reef,39I2FHig6PNSj3ctNkxX9o,sophomore s2
587,607,0yfHn12iRbaVro9dsHN8Mk,clown,thorne,5v3DEzWuRDahVpFHd4Iy8c,sophomore s2
588,608,4YL3I7JjXiS0p8GpCestbv,Attention,Malcolm Todd,7eKkW1zo5uzW8kUntiiBvz,sophomore s2
589,609,37nwfPGR24VGbOUWvzbZs1,Zip Up My Fly,Malcolm Todd,7eKkW1zo5uzW8kUntiiBvz,sophomore s2
590,610,4C2VgkK31XEllBMUGu7bPN,Original,Malcolm Todd,7eKkW1zo5uzW8kUntiiBvz,sophomore s2
591,611,4voEoczU7Ijborps9XF1n3,I Get Around,2Pac,1ZwdS5xdxEREPySFridCfh,sophomore s2
592,612,180AbZduI6bYQIzwCHRwu9,A Night To Remember,beabadoobee,35l9BRT7MXmM8bv2WDQiyB,sophomore s2
593,613,06cqIVC8kRAT02qfHQT65v,I Don't Know You,The Marías,2sSGPbdZJkaSE2AbcGOACx,sophomore s2
594,614,7eQ0SV1eQXSZHBA1x4mcYu,If Only,The Marías,2sSGPbdZJkaSE2AbcGOACx,sophomore s2
595,615,6brl7bwOHmGFkNw3MBqssT,So Sick,Ne-Yo,21E3waRsmPlU7jZsS13rcj,sophomore s2
596,616,03auLpFLdCv4HozP4pQseu,ATM,Don Toliver,4Gso3d4CscCijv0lmajZWs,sophomore s2
597,617,2Hh3ETdQKrmSI3QS0hme7g,Too Many Nights (feat. Don Toliver & with Future),Metro Boomin,0iEtIxbK0KxaSlF7G42ZOp,sophomore s2
598,618,0FlcmZ13DGRmscCroro9GO,Body,Don Toliver,4Gso3d4CscCijv0lmajZWs,sophomore s2
599,619,3B4cjvGlPvyBLNG3AzEgkZ,E85,Don Toliver,4Gso3d4CscCijv0lmajZWs,sophomore s2
600,620,2ZZMbEXXq9hPReD2alSNxD,LOVE IS A DRUG,Don Toliver,4Gso3d4CscCijv0lmajZWs,sophomore s2
601,622,588gFLoYJdlQ9zLSuR3IpJ,TMU,Don Toliver,4Gso3d4CscCijv0lmajZWs,sophomore s2
602,624,0FMAKUsgIBszj75WEENYDO,Long Way To Calabasas,Don Toliver,4Gso3d4CscCijv0lmajZWs,sophomore s2
603,625,2A5cwtDZpk7RvsPolrF4UL,Excavator,Don Toliver,4Gso3d4CscCijv0lmajZWs,sophomore s2
604,626,3e4iMLD1QVefLYMtlSF63F,hold me in your arms,Blood Nose,6fPWD6aplRohXMpRRAF6Wa,sophomore s2
605,627,2ek3MecUilblviZrif5Dmr,Bloody Suicide,Bruxely!,4bs5KFkRGyQdgyAq9lK2Hy,sophomore s2
606,628,6K5z8UnJUwTQroLwDDGlLJ,dream girl,Nafeesisboujee,59oBQlP5xoa5cfPkonNNnT,sophomore s2
607,629,3kw29NreyBGyArNmYARr63,Tuition,Don Toliver,4Gso3d4CscCijv0lmajZWs,sophomore s2
608,630,4H5DcBcHSt6ReloheY37Yi,A COLD PLAY,The Kid LAROI,2tIP7SsRs7vjIcLrU85W8J,sophomore s2
609,631,5HQEmiV2lKnSO6qa2fsR7x,I'm Not In Love,10cc,6i6WlGzQtXtz7GcC5H5st5,sophomore s2
610,632,02wk5BttM0QL38ERjLPQJB,Cool With You,NewJeans,6HvZYsbFfjnjFrWF950C9d,sophomore s2
611,633,7EDcAz6iuKSkxH4VcC3Oko,I Wait for You,alex_g_offline,0bC6e2YtIRLbKx2txHFmEo,sophomore s2
612,634,2JiTgNZ2GpgUoJFc2XmnxQ,risk,lace,7foHxRQbxX06umj1ScznAZ,sophomore s2
613,635,3pUBfXGCqH0imhTQ02wBLr,nouvelle vague,wave to earth,5069JTmv5ZDyPeZaCCXiCg,sophomore s2
614,636,1bcfh9P7IrHBr7aJEqTqFk,CAN'T SEE SH*T IN THE CLUB,Joji,3MZsBdqDrRTJihTHQrO6Dq,sophomore s2
615,637,7AzlLxHn24DxjgQX73F9fU,No Idea,Don Toliver,4Gso3d4CscCijv0lmajZWs,sophomore s2
616,638,3DUe5irMKEjbsIoHxHnIYe,TELL 'EM YOU'RE MINE,alan vuong,6y1PHaUMkFXcJNhIAmjAk8,sophomore s2
617,639,38T0ch67w89QHB9R0iEyGu,TOO LATE FOR YOU,alan vuong,6y1PHaUMkFXcJNhIAmjAk8,sophomore s2
618,640,5ULBHrYz3Thdz9BiPoT6hI,GOT_IT_ALL,alan vuong,6y1PHaUMkFXcJNhIAmjAk8,sophomore s2
619,641,4evMMKc2HD6fV9slMfgkMx,TOXIC (with Skepta),Playboi Carti,699OTQXzgjhIYAHMy9RyPD,sophomore s2
620,642,0QCJ7qGnCgLxzyxnnoasbI,You Don't Understand,Spazi,7hxC3R2FAwVv8L9EZqOVa6,sophomore s2
621,643,0XsErHADa1XkhtNoP2sjKK,Sunny Days Rain.,Férina,6sIKgvWOLwG1jc4LJ3WGfi,sophomore s2
622,644,1f2MtVFQobJYlbHLQycFPm,I Could Be Forever,Hojean,0ENnerFBtqPaVUcHadXU2w,sophomore s2
623,645,48D8by53T1UCXqp0RZ7hzG,달맞이꽃,imzoo,6j2dniBiWyEM20bd5GEc0Y,sophomore s2
624,646,4tc17NOnRvqVypRUF8N1sc,Walkin' In The Park,Chan,5Jte273iLRGrRRMA5yJy3F,sophomore s2
625,647,4DCSmGoAFwHTc522Q0w1KG,eighteen winter,Soombee,0hf58f9ipsuEbNZFNHrgga,sophomore s2
626,648,11J0eA8BvLl05AD7tlrCUv,Bye Bye,imzoo,6j2dniBiWyEM20bd5GEc0Y,sophomore s2
627,649,1PDP7mLiAMwhfmgIwzhOm2,Yebba’s Heartbreak,Drake,3TVXtAsR1Inumwj472S9r4,sophomore s2
628,650,1nTNZgKeqm4ODmIVL07nxe,Unholy Matrimony,GIVĒON,4fxd5Ee7UefO4CUXgwJ7IP,sophomore s2
629,651,2WP8G2pdddDmnh1xbfKBOI,Finesse,Drake,3TVXtAsR1Inumwj472S9r4,sophomore s2
630,652,03rwnftfgpYVO6QDWOZcG6,Drew A Picasso,Drake,3TVXtAsR1Inumwj472S9r4,sophomore s2
631,653,3JZjcKImHcmOI9ylL4zrSc,Bahamas Promises,Drake,3TVXtAsR1Inumwj472S9r4,sophomore s2
632,654,24RXVWpfzaAyWgm4Estifw,Scene 2,Maz B,7dmwSItAEr4EhkUH5C9aXH,sophomore s2
633,655,0e0JshRej2NwT7jahEmv52,ROLLING STONE,Brent Faiyaz,3tlXnStJ1fFhdScmQeLpuG,sophomore s2
634,656,37PyqrvIdXixAK8VzgSDFn,lullaby,kuiper,6NFaGwOgwNlwYMHHlOifuJ,sophomore s2
635,657,2fFIHmyOoxIof9g7u1DE4l,Love Redeemer,C.Y. Ing,0AfWBS0NySlvJdVsmuSF9F,sophomore s2
636,658,76tGvMdmFKuiMew33ZNNA9,Lover Is a Day,Cuco,2Tglaf8nvDzwSQnpSrjLHP,sophomore s2
637,659,2R4AlwtrrkMaRKojcTIzmL,For the First Time,Mac DeMarco,3Sz7ZnJQBIHsXLUSo0OQtM,sophomore s2
638,660,5s2GMkDz6sP3pNOb4N9kak,On Your Mind (feat. Emi Choi),KozyPop,3pj8yUKN5sRyQS1xkRCTFi,sophomore s2
639,661,3bpGAsjsCIMTz98E7injb2,Impostor Syndrome,Sidney Gish,2orBKFyc84jo9AZH5jarhI,sophomore s2
640,662,2SQ9RmQAOxGICUSt9T5dIX,No More What Ifs,Lyn,5qEtLvXzYdv0G7c7rR6irX,sophomore s2
641,663,7FsRZOB1QPo6ZGJlGvCWz6,"Holding you, Holding me",Cigarettes After Sex,1QAJqy2dA3ihHBFIHRphZj,sophomore s2
642,664,4t6fNE7JadOLuJiehoWS1o,my dear i've been waiting all night,crayon,5U1i5YedIdNjqnbrrvuxSs,sophomore s2
643,665,3zn34tF7GOc7uHCpjsf8So,im so blue for you,zombiwebz,1yxkGzE4KTOkQtmqq5QbX6,sophomore s2
644,666,5y2ijHECwFYWqcAHKTZgzD,Risk It All,Bruno Mars,0du5cEVh5yTK9QJze8zA0C,sophomore s2
645,667,2LKD8Jrqj6VFRLsMrACtOX,WHAT ARE WE?,C.Y. Ing,0AfWBS0NySlvJdVsmuSF9F,sophomore s2
646,668,1a19jsjG2DvbN1fVJonKUU,Beaches,beabadoobee,35l9BRT7MXmM8bv2WDQiyB,sophomore s2
647,669,1EZRIC27Zz3UojSE2HQGoE,Imagery,FreeTEMPO,31XOXmRJOp83N2kyVNRDy4,sophomore s2
648,670,3jdneJRRqkX6uRj0Zg0vhD,BREEZIN',FreeTEMPO,31XOXmRJOp83N2kyVNRDy4,sophomore s2
649,671,0hgNRFRxjlvPt3EEJrcQHE,Ambien Slide,Cigarettes After Sex,1QAJqy2dA3ihHBFIHRphZj,sophomore s2
650,672,5SlU0Yhi51jobhEiGE4xDv,2 soon,keshi,3pc0bOVB5whxmD50W79wwO,sophomore s2
651,673,20FYcA2jxd2gtHLtFGZgSe,Champagne And Quail,Henry Mancini,2EExdpjU4SK3xnJHO5paJf,sophomore s2
652,674,3z9OnsnvM6SFN2dzrSDdVO,Love Like You (feat. Rebecca Sugar) - End Credits,Steven Universe,4rF7c8zpCKzuSXohs2HIpA,sophomore s2
653,675,78OdnOhPOk19xYhGAKgjCO,La belle vie,Sacha Distel,1si0MhutSLRlQbxiBV08tz,sophomore s2
654,676,6IAuH3hgTRpUUdmOGubXGS,Can I Call You Rose?,Thee Sacred Souls,0oK5D6uPhGu4Jk2dbZfodU,sophomore s2
655,677,5LmgfEH9Tj8VSSCJAX65A1,that boy is dead,overtonight throwaways,5d1xapXUqUmq0CpozCAhr7,sophomore s2
656,678,6PFWZV1suwlJplzmv7b5ys,Waiting,Beidant,7rhOJzEoAffRJaEu24DxC8,sophomore s2
657,679,6DKSK32WwzBMZ0qAq28Zon,Hotel Room,Ax and the Hatchetmen,5WJCUSIw2Td5IEfa3LXCo9,sophomore s2
658,680,5OyoAScHkuMtP0r9M1fJw1,no. no. no.,Naoko Gushima,75Vr32zFTf1oJgGwqWJcfs,sophomore s2
659,681,0F845nujLVqCb0XMZCh5Pc,I Fall In Love Too Easily,Chet Baker,3rxeQlsv0Sc2nyYaZ5W71T,sophomore s2
660,682,63q9LqTK5iiZLy3cTvLMUf,Another One,Mac DeMarco,3Sz7ZnJQBIHsXLUSo0OQtM,sophomore s2
661,683,2JNtLGzlGHQmgEE6FDnnkO,before - unconditional Remix,HOAX,2B2EixNjepQtd6N3mDcNnh,sophomore s2
662,684,3erotm4onG3vhbRfpuIvxY,梦臆,邹沛沛,4ST2uUeBAbGgmskBWYRB8S,sophomore s2
663,685,4ov6NFUTyZgp5cl21ZVIkz,strangers - Nafeesisboujee remix,proderics,3VsmiWWtAHSrkgF2forgVI,sophomore s2
664,686,00Jh0jOaR0IZqJt9LMGTHC,Riled Up,Jack Murnin,3cwsWGWIWIIouCMZleRHRf,sophomore s2
665,687,4kCV5JFuog5C0xtAIcHKDR,far from love,jondre,2w9ygoNetv6qCf9ZB3Q9u5,sophomore s2
666,688,2MUrK4fWqKMAHzMNUairVB,Dominos,Hidanny!!,0mTJEH5g61lW7u4aKlGG0y,sophomore s2
667,689,5E02BgqYNN9VzafXrYP6Np,Heavenly,Cigarettes After Sex,1QAJqy2dA3ihHBFIHRphZj,sophomore s2
668,690,4dV76qYjbazdSTIcPzPAAq,Fading Star,Phoebe Rings,6bU6vdMpAqDEoWsj8iUNEf,sophomore s2
669,693,42qNWdLKCI41S4uzfamhFM,Duvet,bôa,5jTtGLk1mGFMY5lQOvJYUj,2026 summer
670,694,1oCmRRdPS8nUJpcXnReiHn,January Blues,Phoebe Rings,6bU6vdMpAqDEoWsj8iUNEf,2026 summer
671,695,4k7lVsIunyMi4eHr4SmjDU,Apollo,Bryant Barnes,1URGXPcURc0aQzLeph65nK,2026 summer
672,696,5A73NCitFMW1Pnfnkd1C1k,cici,orange flavored cigarettes,7j2MvF06WQi6vlFFa7azao,2026 summer
673,697,1Fib5F86hgXrIi8UV825hw,Room 907,BUBBLE TEA AND CIGARETTES,2UMeX51X1prCFgi51RHo9P,2026 summer
674,698,0CyKLTWlyqIOdIwsRDS53v,Helium,The Chainsmokers,69GGBxA162lTqCwzJG5jLp,2026 summer
675,699,5LyKocU0lhUBlXrFKDxbBO,Snap My Finger (feat. PinkPantheress),KAYTRANADA,6qgnBH6iDM91ipVXv28OMu,2026 summer
676,701,1GfTI7jnMptWgITkH3wGex,do you want,margiela,36l7OgMNNPtaE3GPBcAz8q,2026 summer
677,702,0x0ClomHgVQ92JKtvJF5rB,DAMAGE CONTROL,Jhung,0EdSjobhia4cCm2kMTEDDf,2026 summer
678,703,0x38AdnLSUYRyEVqgExr2O,nervous,denn.,5aGI06mdnrqvpEwaXK5Qup,2026 summer
679,704,1LkSmcQ5tjfn4GXpPVHJMU,best case scenario,jayo,1kBx4RzRD8An5pUEDBGZQ9,2026 summer
680,705,3NbBBhbrU6WzquVF7vNsTF,Apple pie,emblem,70RtcT5mUmqA1bWFOFsZWJ,2026 summer
681,706,2ULVrtzqJiRbRharDaVNCw,you can fly,Naoko Gushima,75Vr32zFTf1oJgGwqWJcfs,2026 summer
682,707,1kHFTGcsJDBkaOUcJ8E2Ll,Tell me oh mama,Naoko Gushima,75Vr32zFTf1oJgGwqWJcfs,2026 summer
683,708,4tGnRRVCtrQm5pUQTmdNM0,まどろみ,Naoko Gushima,75Vr32zFTf1oJgGwqWJcfs,2026 summer
684,709,6TdE2qJLF6WVjmSI9tejG2,Candy,Naoko Gushima,75Vr32zFTf1oJgGwqWJcfs,2026 summer
685,719,3VIJBrMpvimHEw5wtPh2wB,Money,The Drums,0p5axeJsbtTCXBrRVoKjwu,car
686,725,3sJrI1gdELlrExukUqce4O,ghosts,Highvyn,1HlyA7Fg1HymDUmG0xaB13,car
687,729,5YSoAMG654oXW5Cz4VkFvL,Marlboro Nights 2,Lonely God,6pF6MN603wSrisJcf7HS5v,car
688,743,58k32my5lKofeZRtIvBDg9,HONEST,Baby Keem,5SXuuuRpukkTvsLuUknva1,car
689,744,5FkoSXiJPKTNyYgALRJFhD,ORANGE SODA,Baby Keem,5SXuuuRpukkTvsLuUknva1,car
690,746,6uTPdRrEDeH8Fyg5L5qmeU,Never Lose Me,Flo Milli,08PvCOlef4xdOr20jFSTPd,car
691,747,50a8bKqlwDEqeiEknrzkTO,ball w/o you,21 Savage,1URnnhqYAYcrqrcwql10ft,car
692,755,49skdn8Truaufvcz8BXmtT,Lets Go Surfing,The Drums,0p5axeJsbtTCXBrRVoKjwu,car
693,758,0JIMT9gzLIIz0esKLyjbKf,Telephones,Vacations,0U7iI0Dk4Ojvi17nZboNO4,car
694,761,0lZLHDLoKJq0hfkLGw6F74,444,Highvyn,1HlyA7Fg1HymDUmG0xaB13,car
695,768,2GHKo6nrSjruvBEQbzD7Fw,Tiramisu,Don Toliver,4Gso3d4CscCijv0lmajZWs,car
696,771,3oZN6PozIq3IzsCUN4kmIT,Leave Before I Wake,Makeout Reef,39I2FHig6PNSj3ctNkxX9o,car
697,811,5WrFABuG1VG38eqQqvRsbb,Palace - Slowed + Reverb,ADTurnUp,4RRmL81NhhouCKGo8I6GaU,car
698,830,72eVBUhcdUQusHUhDbfQoQ,fairy of shampoo,dosii,41lcf5k3PkUdxupYLkcjCd,aa
699,832,0vQOfHk8598Zc8ypTnS71r,춤,Damdamgugu,09PT6wPBfwQA9vQ7zSKK8p,aa
700,835,19Hg1UCZaCdpHB37L7x63X,EVERYTHING,The Black Skirts,6WeDO4GynFmK4OxwkBzMW8,aa
701,837,0T3pyPYtHAsxIRymAZsTkX,(Only) About Love - Demo,grentperez,73BLwSX6gsNeVzS7DgI4xe,aa
702,838,2D79qw6Zobv0O7MMD74V6C,apart of me,Takayoshi,6LszZyd03prLB8lIPbZ9Uo,aa
703,840,3LMcJJB5Dx6JN7d9RXZ92g,when ur around,Takayoshi,6LszZyd03prLB8lIPbZ9Uo,aa
704,842,0vWcyqsijmvup89M3yT5Uj,Over 85,Hojean,0ENnerFBtqPaVUcHadXU2w,aa
705,843,37HhnXqIRFSSJXWsysl6B7,Ride,HYBS,4mr4X9nJC8DPlNukWbgAaI,aa
706,844,0aLAwhKDqPl7ZtOS9BWElO,9 to 5,Hojean,0ENnerFBtqPaVUcHadXU2w,aa
707,845,1JB8Y5r1Pee8E8b7J1Kf1q,Enough (prod. APRO),Colde,3VQDqjQ4wJyw8PzpGdlZpB,aa
708,849,6pERLwGg6WN0MvQ7YujWsG,dance partner,asumuh,6hjYrTgChYiwxAzggQaqvO,aa
709,859,08oT01YtAOINZHc9nU3nfQ,maybe we need a break,slchld,33crDRqANd3NQHJagZkQ7O,aa
710,860,51x3Z7MeLg1fuQA7zfWehf,Pick Up Your Phone,Hojean,0ENnerFBtqPaVUcHadXU2w,aa
711,862,7nfwBCf8nDmMMLwZF8PfJr,tied up,starfall,6h0Wppb5dQnlGpY2zuGstd,aa
712,863,0CymAhByRHQawBQnM4plOl,juice,brb.,2XBiI8PjCnjJ3XKWtiKcvc,aa
713,866,2lNb0SzyOEHizMxlpT9HM6,IF I DON'T TEXT YOU FIRST,Tiffany Day,5D5Qbe1lf3aMnLsPSzXItu,aa
714,867,3MS5Fy5WOifkR8bOCS5Nqh,bitter,starfall,6h0Wppb5dQnlGpY2zuGstd,aa
715,868,0sSyDptzNXHBODOssLukZT,talking to myself,brb.,2XBiI8PjCnjJ3XKWtiKcvc,aa
716,869,2oejZfYEVaW26gYsfGxSor,close your eyes,starfall,6h0Wppb5dQnlGpY2zuGstd,aa
717,870,1QgcSY6PNHqv6wr3U2x6xj,better,brb.,2XBiI8PjCnjJ3XKWtiKcvc,aa
718,872,2yyluSgySg95O24RBkgrMR,B.Y.S.,keshi,3pc0bOVB5whxmD50W79wwO,aa
719,873,7pmigj5Shh45MvPknLfacU,can't tell,brb.,2XBiI8PjCnjJ3XKWtiKcvc,aa
720,874,318aMsKERfy7UJIxmdiKlA,MOVE,Highvyn,1HlyA7Fg1HymDUmG0xaB13,aa
721,875,6aAQORbi08HSm3ZgUsOCNY,About Last Night..,Yel,6vz9KUVgEo1gXIobqiwJ15,aa
722,876,60bAuEmJQfzeDV1B84H4xY,WESTSIDE,keshi,3pc0bOVB5whxmD50W79wwO,aa
723,879,5j73a4b9XqL1Ya4Y8fGH8A,cruel,starfall,6h0Wppb5dQnlGpY2zuGstd,aa
724,880,54CwEH4WvwMvoPPoOstJy7,unconditionally,Takayoshi,6LszZyd03prLB8lIPbZ9Uo,aa
725,882,0H4oRjAoMl6EVhBZraB0fn,Killer,HYBS,4mr4X9nJC8DPlNukWbgAaI,aa
726,888,41P6Tnd8KIHqON0QIydx6a,the perfect pair,beabadoobee,35l9BRT7MXmM8bv2WDQiyB,aa
727,894,1EV9E4uISW4Uu7XHl3MIzE,FWM,alan vuong,6y1PHaUMkFXcJNhIAmjAk8,aa
728,899,5o5WaO9pzPhXSGIrTIYVce,Cherry Wine,grentperez,73BLwSX6gsNeVzS7DgI4xe,aa
729,901,5WbfFTuIldjL9x7W6y5l7R,Kingston,Faye Webster,5szilpXHcwOqnyKLqGco5j,aa
